id,name_vi,category,category_vi,object_type,variant,style,style_vi,inspiration_style,size,size_vi,weave,weave_vi,finish,finish_vi,file,source,is_real_product_photo,artisan_verified,craft_validation,pixel_width,pixel_height,sha256,pixel_sha256,description_en
001,Gương mặt trời,trang_tri,Trang trí,guong_mat_troi,1,boho,Boho,,nho,Nhỏ,xuong_ca,Xương cá,tu_nhien,Tự nhiên,images/001_guong_mat_troi_boho_nho_xuong_ca_tu_nhien.png,ai_generated,False,False,pending_artisan_review,1254,1254,a2e0d748e7b9a7a58ef4f75c3c54a4f8f5e6d3e25e8724d1a9a3c027986d4df2,0c55b6240412b89bbb053c5799b55dd415103d95b5dabe5973087cd00798b09e,
002,Gương oval,trang_tri,Trang trí,guong_oval,1,boho,Boho,,nho,Nhỏ,xuong_ca,Xương cá,nhuom,Nhuộm,images/002_guong_oval_boho_nho_xuong_ca_nhuom.png,ai_generated,False,False,pending_artisan_review,1254,1254,1f7ddfac02c0462ff02d8b54c6fb6992cb4cc5c250802306248577440918ae89,f2e913ea04249d1781b507c396bcd3814aa7685a1fd04b8e9ca81a60d4ce21da,
003,Gương vòm,trang_tri,Trang trí,guong_vom,1,boho,Boho,,nho,Nhỏ,xuong_ca,Xương cá,son_mai,Sơn mài,images/003_guong_vom_boho_nho_xuong_ca_son_mai.png,ai_generated,False,False,pending_artisan_review,1254,1254,d7adf0f4ceeafb54be18e5807095106448c7b98efbc4cfbe0b85b645d3c81e57,25e86560d667ae8552bad6a8f55ef91b5d2b2310ea553ea94808a11c3abe55a1,
004,Khung ảnh,trang_tri,Trang trí,khung_anh,1,boho,Boho,,nho,Nhỏ,mat_cao,Mắt cáo,tu_nhien,Tự nhiên,images/004_khung_anh_boho_nho_mat_cao_tu_nhien.png,ai_generated,False,False,pending_artisan_review,1254,1254,9f772c34159e30ea638843345374e4f323eddcf51384dec0eeec072696bc34b7,0f0df23a580fb36bac6c97072b106bbb20a35c4c87bdea41fbc8ddf3105299be,
005,Đồng hồ treo tường,trang_tri,Trang trí,dong_ho_treo_tuong,1,boho,Boho,,nho,Nhỏ,mat_cao,Mắt cáo,nhuom,Nhuộm,images/005_dong_ho_treo_tuong_boho_nho_mat_cao_nhuom.png,ai_generated,False,False,pending_artisan_review,1254,1254,a663fbb41aa069c1deb53ae777688864d346436395675d757511e520d56f61ec,04323b216b18f40d7c2cb590cd21c6f5c7dd1d6f4c45e6b16c4f21ef3fa1728f,
006,Đĩa trang trí,trang_tri,Trang trí,dia_trang_tri,1,boho,Boho,,nho,Nhỏ,mat_cao,Mắt cáo,son_mai,Sơn mài,images/006_dia_trang_tri_boho_nho_mat_cao_son_mai.png,ai_generated,False,False,pending_artisan_review,1254,1254,c527a8212fab6e02875aaf38d45754a5639922b4b95e15918447ac702db6f7c8,bf61ee09d3dd6560a002713de67c3c2a86a854bebd9dd3958ea7d9bf8af4796b,
007,Hoa sen trang trí,trang_tri,Trang trí,hoa_sen_trang_tri,1,boho,Boho,,nho,Nhỏ,nong,Nong,tu_nhien,Tự nhiên,images/007_hoa_sen_trang_tri_boho_nho_nong_tu_nhien.png,ai_generated,False,False,pending_artisan_review,1254,1254,aa7c093e903fdc425cdfad6b112b8790e897ca47365719696d99f82ced2edfb0,d3af895e7ec0bdf56413d3f733d34e82a4f6831c4d13212fe052b6521b70c86d,
008,Bình trang trí,trang_tri,Trang trí,binh_trang_tri,1,boho,Boho,,nho,Nhỏ,nong,Nong,nhuom,Nhuộm,images/008_binh_trang_tri_boho_nho_nong_nhuom.png,ai_generated,False,False,pending_artisan_review,1254,1254,eddf39679a312e851e902ae994be10343b3db721c3c082aaf995609301313dd5,ff363fa3812c5c55339968929456220dfbf82e82edce99789ed13a8407fbc21a,
009,Mô hình thuyền,trang_tri,Trang trí,mo_hinh_thuyen,1,boho,Boho,,nho,Nhỏ,nong,Nong,son_mai,Sơn mài,images/009_mo_hinh_thuyen_boho_nho_nong_son_mai.png,ai_generated,False,False,pending_artisan_review,1254,1254,6b8d4473e6eab9dcf33a8bbe0c88e679366ebed1b2664d86260bf09fc9b11479,3198b5d95081554ffaecee77718f9798e6cec29a4ec9ea4dbe2720e424ec1b90,
010,Ghế tổ chim,ghe_noi_that,Ghế,ghe_to_chim,1,boho,Boho,,nho,Nhỏ,nan,Nan,tu_nhien,Tự nhiên,images/010_ghe_to_chim_boho_nho_nan_tu_nhien.png,ai_generated,False,False,pending_artisan_review,1254,1254,60de74b380b04aab3c2f4ba6c475909b7b16f3b4d1c33a6bbffcda145678b233,797a7bbbf3e97752446e03dc894f8e00114595ec541f8d05b598e75b708105ea,
011,Ghế bành,ghe_noi_that,Ghế,ghe_banh,1,boho,Boho,,nho,Nhỏ,nan,Nan,nhuom,Nhuộm,images/011_ghe_banh_boho_nho_nan_nhuom.png,ai_generated,False,False,pending_artisan_review,1254,1254,47b2f9198ce8ed81f2ac5f9cf61bd554d22a6e08fc4dd0002c3de5d647ae2ab2,10749b87bdb03b0765e85c3c16b7e321aa3740cbef2d7615d5760fcd7ff5d68c,
012,Ghế ăn,ghe_noi_that,Ghế,ghe_an,1,boho,Boho,,nho,Nhỏ,nan,Nan,son_mai,Sơn mài,images/012_ghe_an_boho_nho_nan_son_mai.png,ai_generated,False,False,pending_artisan_review,1254,1254,152543de386991360ebe7d7685c4cc98954f08cd3b49d69963b5e7ce34981d09,e9ba92fd57fb65a1570c62cacafdcc92c545534288ce2324c31ec64b259a19b1,
013,Ghế đôn,ghe_noi_that,Ghế,ghe_don,1,boho,Boho,,vua,Vừa,xuong_ca,Xương cá,tu_nhien,Tự nhiên,images/013_ghe_don_boho_vua_xuong_ca_tu_nhien.png,ai_generated,False,False,pending_artisan_review,1254,1254,6e65630758628896eaa580c3f9e679e9482c4f334268038ccba27aca18469130,09311664b4343d6ec837e126d351c8fddc0711e18d83bb0cb1be9b99ddeee549,
014,Ghế bập bênh,ghe_noi_that,Ghế,ghe_bap_benh,1,boho,Boho,,vua,Vừa,xuong_ca,Xương cá,nhuom,Nhuộm,images/014_ghe_bap_benh_boho_vua_xuong_ca_nhuom.png,ai_generated,False,False,pending_artisan_review,1254,1254,ab446ada738d80ca1b68858295e65a30db1fff5015f24720b8bfbd8855088f01,41e5bad0d9b4124c4b8eb0a9f26f1d1be740756a4f9631e68031cdd60ddda16f,
015,Ghế dài,ghe_noi_that,Ghế,ghe_dai,1,boho,Boho,,vua,Vừa,xuong_ca,Xương cá,son_mai,Sơn mài,images/015_ghe_dai_boho_vua_xuong_ca_son_mai.png,ai_generated,False,False,pending_artisan_review,1254,1254,686019bbc51af13fa896d1b0ed871d3d671b540dcaf767e362ff06dab27138ca,b71afe66e442f071f60ea24062e37eb2c37f6c59481fe32631496db45868fe5c,
016,Ghế tựa lưng cao,ghe_noi_that,Ghế,ghe_tua_lung_cao,1,boho,Boho,,vua,Vừa,mat_cao,Mắt cáo,tu_nhien,Tự nhiên,images/016_ghe_tua_lung_cao_boho_vua_mat_cao_tu_nhien.png,ai_generated,False,False,pending_artisan_review,1254,1254,e042ca5bd6cc0fba4f639a627b16ceac68b6ef804d4feccc1420723bd2c860f0,09bc59760896d0b14d1d38fce3e46f87beba9124386c28b75f47b75a0e0e8d6b,
017,Ghế thư giãn,ghe_noi_that,Ghế,ghe_thu_gian,1,boho,Boho,,vua,Vừa,mat_cao,Mắt cáo,nhuom,Nhuộm,images/017_ghe_thu_gian_boho_vua_mat_cao_nhuom.png,ai_generated,False,False,pending_artisan_review,1254,1254,958ec195cda23458d2b390c9dab853c84e2c89ca18c52f80cb0b4cfa5c8688a3,c62858fa85d30f0b11d9add8b7828925d867a67f07c8abd3efe7be790a8c4a7b,
018,Xích đu,ghe_noi_that,Ghế,xich_du,1,boho,Boho,,vua,Vừa,mat_cao,Mắt cáo,son_mai,Sơn mài,images/018_xich_du_boho_vua_mat_cao_son_mai.png,ai_generated,False,False,pending_artisan_review,1254,1254,75fde0ab52d24a6c3c09aec80c782080ce7047f5f1bc63550b4086bb38f730da,7277d4696f761c3bf6a3b4264069cf611da5e993cdf428247932b6f830b831a1,
019,Bàn trà Á Đông,ban_ke,Bàn và kệ,ban_tra_a_dong,1,boho,Boho,,vua,Vừa,nong,Nong,tu_nhien,Tự nhiên,images/019_ban_tra_a_dong_boho_vua_nong_tu_nhien.png,ai_generated,False,False,pending_artisan_review,1254,1254,f3edfa8d11cd2973dc7920230d2c3af7a08d17c8459b834ee33176bc13b0dad3,f89c3f2c5d2ab625b6ce4f7c44922193afaa048806f66414ff1e7680a7c9fbc4,
020,Bàn cà phê tròn,ban_ke,Bàn và kệ,ban_ca_phe_tron,1,boho,Boho,,vua,Vừa,nong,Nong,nhuom,Nhuộm,images/020_ban_ca_phe_tron_boho_vua_nong_nhuom.png,ai_generated,False,False,pending_artisan_review,1254,1254,358aacf7914a1094152ec76e6911ddee6c7e9698c74b45a8c24d53df8f3191f1,c6c27ed6ab5a747d8631948129746ab71a5740998fb5658ce1c5d338a897d47e,
021,Bàn cà phê oval,ban_ke,Bàn và kệ,ban_ca_phe_oval,1,boho,Boho,,vua,Vừa,nong,Nong,son_mai,Sơn mài,images/021_ban_ca_phe_oval_boho_vua_nong_son_mai.png,ai_generated,False,False,pending_artisan_review,1254,1254,303efae4f48af06935278021c023fcc2ee88498657c02205483b64e567f681be,51dbba0930f5c22de8a7414d590ba9de0ca0f6499f98bf1359b4a1268cd79feb,
022,Bàn bên sofa,ban_ke,Bàn và kệ,ban_ben_sofa,1,boho,Boho,,vua,Vừa,nan,Nan,tu_nhien,Tự nhiên,images/022_ban_ben_sofa_boho_vua_nan_tu_nhien.png,ai_generated,False,False,pending_artisan_review,1254,1254,fa4cd769e5750e3f4faeb488af1742a5e63e19acb77b915cc7d12e0683e6b834,ce6ce4e0005c4cfda08ac465512124673e258779a60827d244ebe3af1cb27098,
023,Bàn đầu giường,ban_ke,Bàn và kệ,ban_dau_giuong,1,boho,Boho,,vua,Vừa,nan,Nan,nhuom,Nhuộm,images/023_ban_dau_giuong_boho_vua_nan_nhuom.png,ai_generated,False,False,pending_artisan_review,1254,1254,245cfb50fca4821ac03bdf0da007100c23f3e5e069d15eed0a8c8ce728af9a8a,6f72ab0eddd49c3a77cb6380abc879ddd13dd61a799ced1b78e1d9309a83a249,
024,Bàn console,ban_ke,Bàn và kệ,ban_console,1,boho,Boho,,vua,Vừa,nan,Nan,son_mai,Sơn mài,images/024_ban_console_boho_vua_nan_son_mai.png,ai_generated,False,False,pending_artisan_review,1254,1254,c88a1d4673b037e078cf48f9860a5f1786855cdb846830e8267b64583451bd4a,dd042de333c08df83fafe75ba7b53e64b2e3bfef0593652d1ffd9b0efd1bb2b2,
025,Bàn làm việc,ban_ke,Bàn và kệ,ban_lam_viec,1,boho,Boho,,lon,Lớn,xuong_ca,Xương cá,tu_nhien,Tự nhiên,images/025_ban_lam_viec_boho_lon_xuong_ca_tu_nhien.png,ai_generated,False,False,pending_artisan_review,1254,1254,cb59890e6abdd1551cd114ac4004c5e44c3dad6d171b903f687bc74be630a8e2,75fcf77750b99046b5202c890429f3280d16b48a3646d9295329992f954d7f39,
026,Kệ sách,ban_ke,Bàn và kệ,ke_sach,1,boho,Boho,,lon,Lớn,xuong_ca,Xương cá,nhuom,Nhuộm,images/026_ke_sach_boho_lon_xuong_ca_nhuom.png,ai_generated,False,False,pending_artisan_review,1254,1254,9bb07bb838e3fcf40f64005a2f5488584cb396a4e7b37504d4fe28a1dcf499f6,d11431d3cc9cd9e66393196336d0ba1d65db426f831547c3739d8aa7b5e5fe1d,
027,Kệ giày,ban_ke,Bàn và kệ,ke_giay,1,boho,Boho,,lon,Lớn,xuong_ca,Xương cá,son_mai,Sơn mài,images/027_ke_giay_boho_lon_xuong_ca_son_mai.png,ai_generated,False,False,pending_artisan_review,1254,1254,5549d1f767a0d88464dbd3ea322776e6df09f937ee8522f8a0669a0f8ce9bda5,38c13de95724a8657f2113b3822f2158bfb88e99a63f17e93f4e47817cef9413,
028,Tủ đầu giường,tu_luu_tru,Tủ và hộp lưu trữ,tu_dau_giuong,1,boho,Boho,,lon,Lớn,mat_cao,Mắt cáo,tu_nhien,Tự nhiên,images/028_tu_dau_giuong_boho_lon_mat_cao_tu_nhien.png,ai_generated,False,False,pending_artisan_review,1254,1254,0736e32d8a390506c15317f0ae97dcf970bd8d0cc8e336e9b8b24be0c50ad7ac,daa430537aece7a2bb792a06c7d8f9a6ffba56080578427291ef75a16a2f2220,
029,Tủ TV,tu_luu_tru,Tủ và hộp lưu trữ,tu_tivi,1,boho,Boho,,lon,Lớn,mat_cao,Mắt cáo,nhuom,Nhuộm,images/029_tu_tivi_boho_lon_mat_cao_nhuom.png,ai_generated,False,False,pending_artisan_review,1254,1254,3052704b277d26aafb17b93c40748fc1f8bf944ab18e501453805eeea7be95cd,bd4bae7b53bf03ff3eab3c75c05dd793a33a2cd80bad5d19c6c5826f3168ff67,
030,Tủ trang trí,tu_luu_tru,Tủ và hộp lưu trữ,tu_trang_tri,1,boho,Boho,,lon,Lớn,mat_cao,Mắt cáo,son_mai,Sơn mài,images/030_tu_trang_tri_boho_lon_mat_cao_son_mai.png,ai_generated,False,False,pending_artisan_review,1254,1254,03d0f1bf0e9aa28cc33e339e7f35bd3519f825b262dd305e805a95acf262ac97,a0edf26a29ad95f936c36f95bd5a77f9c3dc84df3c2cf905933b2ad3ca0873e1,
031,Tủ quần áo,tu_luu_tru,Tủ và hộp lưu trữ,tu_quan_ao,1,boho,Boho,,lon,Lớn,nong,Nong,tu_nhien,Tự nhiên,images/031_tu_quan_ao_boho_lon_nong_tu_nhien.png,ai_generated,False,False,pending_artisan_review,1254,1254,a31652446627962e79f6ac077ee43c5daffea29402f50818d327809ca6903b85,bf7f991478a9368f1cda8a15ec681f02aba20323d0c1d014801ed19decf50392,
032,Rương đựng đồ,tu_luu_tru,Tủ và hộp lưu trữ,ruong_dung_do,1,boho,Boho,,lon,Lớn,nong,Nong,nhuom,Nhuộm,images/032_ruong_dung_do_boho_lon_nong_nhuom.png,ai_generated,False,False,pending_artisan_review,1254,1254,16c801550046a5aa5172d38f3d6dbdd299f18638c601b3be9e35006cefbbadfc,b588f503cc7760620263444fcd4b753dc0f1a6bee141a5db224eb7ce43ec7662,
033,Hộp trang sức,tu_luu_tru,Tủ và hộp lưu trữ,hop_trang_suc,1,boho,Boho,,lon,Lớn,nong,Nong,son_mai,Sơn mài,images/033_hop_trang_suc_boho_lon_nong_son_mai.png,ai_generated,False,False,pending_artisan_review,1254,1254,dbb2abfc527bfcbf30240d4fae2adc95f01e733438e9ad22e4964eae2eef0d51,29fae3eab66ed5fcb4c27cbcc5962ce0eefc5e1870fbb902c5d94b7198e47017,
034,Hộp mỹ phẩm,tu_luu_tru,Tủ và hộp lưu trữ,hop_my_pham,1,boho,Boho,,lon,Lớn,nan,Nan,tu_nhien,Tự nhiên,images/034_hop_my_pham_boho_lon_nan_tu_nhien.png,ai_generated,False,False,pending_artisan_review,1254,1254,3dceec7ccc95f95c064309b69925c1ba56a0c4df26fda47d3027b4e06eb61829,eb9b297ad2323441bd35e353b111ca36f742a273fd7cfffae643d20bef1216d7,
035,Ngăn kéo rời,tu_luu_tru,Tủ và hộp lưu trữ,ngan_keo_roi,1,boho,Boho,,lon,Lớn,nan,Nan,nhuom,Nhuộm,images/035_ngan_keo_roi_boho_lon_nan_nhuom.png,ai_generated,False,False,pending_artisan_review,1254,1254,5bff8357446f3c9ed6f04e112648fa564792a78bfdcdec6d543065d66aa36165,317de409728743ddada491ce6736bc81999b91128ae74ed001b1883a4b2fd63c,
036,Kệ góc,tu_luu_tru,Tủ và hộp lưu trữ,ke_goc,1,boho,Boho,,lon,Lớn,nan,Nan,son_mai,Sơn mài,images/036_ke_goc_boho_lon_nan_son_mai.png,ai_generated,False,False,pending_artisan_review,1254,1254,7d6225a7ffd66a6cf06a50decdfecf23c2623024513811e93787970603cc29f3,4287aa8615066e3d4d7c0a165020314fbecec09bae49957a6ed843ca34032694,
037,Đèn chùm hoa sen,den_chieu_sang,Đèn,den_chum_hoa_sen,1,sang_trong,Sang trọng,,nho,Nhỏ,xuong_ca,Xương cá,tu_nhien,Tự nhiên,images/037_den_chum_hoa_sen_sang_trong_nho_xuong_ca_tu_nhien.png,ai_generated,False,False,pending_artisan_review,1254,1254,9645c6b9b04e56015096ffa4222feb56d19783d98b63facb39e77b186aff7caf,1f4a40288291a93d46708c4daa6ca8ef18c320367dc5836af404a6cdb94dac3e,
038,Đèn lồng tròn,den_chieu_sang,Đèn,den_long_tron,1,sang_trong,Sang trọng,,nho,Nhỏ,xuong_ca,Xương cá,nhuom,Nhuộm,images/038_den_long_tron_sang_trong_nho_xuong_ca_nhuom.png,ai_generated,False,False,pending_artisan_review,1254,1254,d8acaaa26bdbd6f3001bafef70935d8a9bbcb30453f391bcb67564688b2a33f7,3fa3fc171f513bac5c572a32301a307ba81c3761ebb82b65974e4ea11059c834,
039,Đèn thả hình nón,den_chieu_sang,Đèn,den_tha_hinh_non,1,sang_trong,Sang trọng,,nho,Nhỏ,xuong_ca,Xương cá,son_mai,Sơn mài,images/039_den_tha_hinh_non_sang_trong_nho_xuong_ca_son_mai.png,ai_generated,False,False,pending_artisan_review,1254,1254,9a8e5768d9829a2dbea730606bd4660abf4168af4a39069f15b6f9604925ac02,233c05cb8fa1e024e2cf7ba4268f95dfbc30b361292baefb6b01b9ea78b32285,
040,Đèn thả hình chuông,den_chieu_sang,Đèn,den_tha_hinh_chuong,1,sang_trong,Sang trọng,,nho,Nhỏ,mat_cao,Mắt cáo,tu_nhien,Tự nhiên,images/040_den_tha_hinh_chuong_sang_trong_nho_mat_cao_tu_nhien.png,ai_generated,False,False,pending_artisan_review,1254,1254,7c3ddc0da9caf510f1636b2f3141386b651f339f8d0b5376d79763d95a837ede,3a8333f72b3b6d7b1c293229c307af8543b62fe3642e2739d0d44e6d6131b6d0,
041,Đèn thả hình trụ,den_chieu_sang,Đèn,den_tha_hinh_tru,1,sang_trong,Sang trọng,,nho,Nhỏ,mat_cao,Mắt cáo,nhuom,Nhuộm,images/041_den_tha_hinh_tru_sang_trong_nho_mat_cao_nhuom.png,ai_generated,False,False,pending_artisan_review,1254,1254,d6fc0c9c94dae4526023633f3df76aee6c8c1f5254a52b3c9bce9d5429088817,872a7929473b9e003b3bb294cb6d46488cb307bb3dd9857d62e9a285807bae86,
042,Đèn bàn,den_chieu_sang,Đèn,den_ban,1,sang_trong,Sang trọng,,nho,Nhỏ,mat_cao,Mắt cáo,son_mai,Sơn mài,images/042_den_ban_sang_trong_nho_mat_cao_son_mai.png,ai_generated,False,False,pending_artisan_review,1254,1254,bcea58792ed71a081817a2e00a0bbeb6a28a8c177c290b35b75fcf514a4129cf,0a019aa91838a3e675c28896a63d9a93c696dc53d2335d44a29b7a160c9e4970,
043,Đèn sàn,den_chieu_sang,Đèn,den_san,1,sang_trong,Sang trọng,,nho,Nhỏ,nong,Nong,tu_nhien,Tự nhiên,images/043_den_san_sang_trong_nho_nong_tu_nhien.png,ai_generated,False,False,pending_artisan_review,1254,1254,2afb8ad47629d185a5775e4d9bb1bcd8a1276f4b12295463f8d5bb41c5238a4f,62aaeffe1b39cba04e15bdf6992d7adba6cee9a3389e93ff6f91b6f9b92fef18,
044,Đèn tường,den_chieu_sang,Đèn,den_tuong,1,sang_trong,Sang trọng,,nho,Nhỏ,nong,Nong,nhuom,Nhuộm,images/044_den_tuong_sang_trong_nho_nong_nhuom.png,ai_generated,False,False,pending_artisan_review,1254,1254,143fdd4a3bc6df99692c34efdb056e941dbe65e3242d39b55e99439f413de72f,68f732b8c8e15f1f67312c5172ebdbd19c19b31e0e1c818a13fdd11dca5e0564,
045,Đèn quả cầu,den_chieu_sang,Đèn,den_qua_cau,1,sang_trong,Sang trọng,,nho,Nhỏ,nong,Nong,son_mai,Sơn mài,images/045_den_qua_cau_sang_trong_nho_nong_son_mai.png,ai_generated,False,False,pending_artisan_review,1254,1254,048859014ad568da98c35b98d7df3525de29168b74f1458c2ee5a7dd53f9703c,999dd19ce9b5c64b80632004c49088e75aa81aabad22a3eec2cf1bb9c416a1b0,
046,Túi xách mây phối da,tui_phu_kien,Túi và phụ kiện,tui_mix_da,1,sang_trong,Sang trọng,,nho,Nhỏ,nan,Nan,tu_nhien,Tự nhiên,images/046_tui_mix_da_sang_trong_nho_nan_tu_nhien.png,ai_generated,False,False,pending_artisan_review,1254,1254,a0487be15c9e3c1ad020dc9020d3ea8311b1affd2940bf0c8c3f8df9dcb56914,1eb0e7f47ee1f5f33415fa242f6cdcbd613825666396157f980e54c1291e99c2,
047,Túi tròn,tui_phu_kien,Túi và phụ kiện,tui_tron,1,sang_trong,Sang trọng,,nho,Nhỏ,nan,Nan,nhuom,Nhuộm,images/047_tui_tron_sang_trong_nho_nan_nhuom.png,ai_generated,False,False,pending_artisan_review,1254,1254,aa5d4404e3bbdebe2b9cb025e6d49c2de226763969c46b56393d95a7e18302b3,b1324c3ab03458fcdbb35993147f961cb59f2ef1421195f9976c9940eeab8e44,
048,Túi hộp,tui_phu_kien,Túi và phụ kiện,tui_hop,1,sang_trong,Sang trọng,,nho,Nhỏ,nan,Nan,son_mai,Sơn mài,images/048_tui_hop_sang_trong_nho_nan_son_mai.png,ai_generated,False,False,pending_artisan_review,1254,1254,390f6edb1e92df1cd51e69b4b6f2c4a2ac300790aeeea771d17b126d43faa610,0928af2e89f41c8b035beee6535cf8e9ed48f6d674a187375d78cf4ab5baac41,
049,Túi bán nguyệt,tui_phu_kien,Túi và phụ kiện,tui_crescent,1,sang_trong,Sang trọng,,vua,Vừa,xuong_ca,Xương cá,tu_nhien,Tự nhiên,images/049_tui_crescent_sang_trong_vua_xuong_ca_tu_nhien.png,ai_generated,False,False,pending_artisan_review,1254,1254,17443762695a475f38348e25c5cd397a72506429dd62f86db06127621d331f72,2543f4c2ccd62f44fb190d86636e6017fd13e1e367d2eb2a2fd3e694a8bca8c8,
050,Túi tote,tui_phu_kien,Túi và phụ kiện,tui_tote,1,sang_trong,Sang trọng,,vua,Vừa,xuong_ca,Xương cá,nhuom,Nhuộm,images/050_tui_tote_sang_trong_vua_xuong_ca_nhuom.png,ai_generated,False,False,pending_artisan_review,1254,1254,f49f8b8ee840680a2186be93bf73e577375614f246b559e4e235af4923167275,7891ccfc36bf244a1b8b4a41266b2385e8d74f0d1b6e97c9fe40203fd8a13a3b,
051,Túi du lịch,tui_phu_kien,Túi và phụ kiện,tui_du_lich,1,sang_trong,Sang trọng,,vua,Vừa,xuong_ca,Xương cá,son_mai,Sơn mài,images/051_tui_du_lich_sang_trong_vua_xuong_ca_son_mai.png,ai_generated,False,False,pending_artisan_review,1254,1254,ec4811b8157350ad2c5ee1ed01f2a8a667707b9a083c955a8bbf88ea136cd0d6,7d1579856fe2ece7da7b4d5c0233f0e10930869397701724df81cad6b24c6819,
052,Ba lô,tui_phu_kien,Túi và phụ kiện,ba_lo,1,sang_trong,Sang trọng,,vua,Vừa,mat_cao,Mắt cáo,tu_nhien,Tự nhiên,images/052_ba_lo_sang_trong_vua_mat_cao_tu_nhien.png,ai_generated,False,False,pending_artisan_review,1254,1254,001babdc1975d074864fb8f4f2dd7b30426295b30fcbd14d57d0e921260e2a95,f12ddf0baf9371dd41ad08bc927c2d4e4519febe9a7595d55e63fbb5b262535d,
053,Ví cầm tay,tui_phu_kien,Túi và phụ kiện,vi_cam_tay,1,sang_trong,Sang trọng,,vua,Vừa,mat_cao,Mắt cáo,nhuom,Nhuộm,images/053_vi_cam_tay_sang_trong_vua_mat_cao_nhuom.png,ai_generated,False,False,pending_artisan_review,1254,1254,ce40a223121dec1b350c646a674f44c6c22c28cc1fc6fe8558c9ee38844612ae,c9f7f5aa93372fadc5bba7e7b7d0aa1a3356281975bb89f3b593ecc3b81251f6,
054,Hộp kính,tui_phu_kien,Túi và phụ kiện,hop_kinh,1,sang_trong,Sang trọng,,vua,Vừa,mat_cao,Mắt cáo,son_mai,Sơn mài,images/054_hop_kinh_sang_trong_vua_mat_cao_son_mai.png,ai_generated,False,False,pending_artisan_review,1254,1254,300467ce8fa675dc48190c4e5ac99b73465c8eb26d78af233a9baa7760b68330,65e1fecb42411713b9c9547b459e658bebb66580f95d86a334f73f01bf6b0355,
055,Khay phục vụ,bep_ban_an,Đồ bếp và bàn ăn,khay_phuc_vu,1,sang_trong,Sang trọng,,vua,Vừa,nong,Nong,tu_nhien,Tự nhiên,images/055_khay_phuc_vu_sang_trong_vua_nong_tu_nhien.png,ai_generated,False,False,pending_artisan_review,1254,1254,5ef966ef392e8457b07502e30c795d7678da60ddcde471cfa4ea2d7adfc9d61b,eebbf90680ec22753e9a319543a4fd19addda80246b8a1a5456ac97c8f500a5c,
056,Khay tròn,bep_ban_an,Đồ bếp và bàn ăn,khay_tron,1,sang_trong,Sang trọng,,vua,Vừa,nong,Nong,nhuom,Nhuộm,images/056_khay_tron_sang_trong_vua_nong_nhuom.png,ai_generated,False,False,pending_artisan_review,1254,1254,fc54df60d47cbe314eacaf9f20a2cbf0707ad1ec5a0d66f5b0c63e20f897c1b8,369c28002c66a5fee100c84c986c773a71ee8890ce34bec37b406b1e3e27b192,
057,Rổ bánh mì,bep_ban_an,Đồ bếp và bàn ăn,ro_banh_mi,1,sang_trong,Sang trọng,,vua,Vừa,nong,Nong,son_mai,Sơn mài,images/057_ro_banh_mi_sang_trong_vua_nong_son_mai.png,ai_generated,False,False,pending_artisan_review,1254,1254,63abd032678e80b7cf286ef99fac44c469885d91b7e3f5b56b64692f6c7b3850,14e3418123289510aea6497569338c89e14ef3a6a2286b484cda8612b218bfd7,
058,Rổ trái cây,bep_ban_an,Đồ bếp và bàn ăn,ro_trai_cay,1,sang_trong,Sang trọng,,vua,Vừa,nan,Nan,tu_nhien,Tự nhiên,images/058_ro_trai_cay_sang_trong_vua_nan_tu_nhien.png,ai_generated,False,False,pending_artisan_review,1254,1254,fbbaf0076b80188b4346bc13364d2b772e4762ff8a6de8c5279e177d9510c5f9,c66eeaeb83beaca811b896a802c9b16591ab2f2f37c2ec375639df6085ddcc20,
059,Lồng bàn,bep_ban_an,Đồ bếp và bàn ăn,long_ban,1,sang_trong,Sang trọng,,vua,Vừa,nan,Nan,nhuom,Nhuộm,images/059_long_ban_sang_trong_vua_nan_nhuom.png,ai_generated,False,False,pending_artisan_review,1254,1254,cf4a6dabf240767eb11c893a0779d83a3a96ec02f98ce19623fc8af7bb19c93f,486f6edc42c0b573c25463703ad3819e59bc41cadcabb42ee6351f442a0c6784,
060,Tấm lót đĩa,bep_ban_an,Đồ bếp và bàn ăn,lot_dia,1,sang_trong,Sang trọng,,vua,Vừa,nan,Nan,son_mai,Sơn mài,images/060_lot_dia_sang_trong_vua_nan_son_mai.png,ai_generated,False,False,pending_artisan_review,1254,1254,2b1247fe5c1d1d84a67df8a4d26c71ddfea52887ee2029ee9a2cdc7cf3ba7297,23116075466b2748888a958ea88d5601e8c623e365ae9e4e9b4cc50b8e079c54,
061,Lót ly,bep_ban_an,Đồ bếp và bàn ăn,lot_ly,1,sang_trong,Sang trọng,,lon,Lớn,xuong_ca,Xương cá,tu_nhien,Tự nhiên,images/061_lot_ly_sang_trong_lon_xuong_ca_tu_nhien.png,ai_generated,False,False,pending_artisan_review,1254,1254,96b76979e2a0f87100d56b217e7f7e0515db2171cb97bfc8531634ffdd3a74f0,4c7055359bf628a54e8852521ee5e58ba92c9396d144b49b3821e45fe2ea0334,
062,Ống đựng đũa,bep_ban_an,Đồ bếp và bàn ăn,ong_dung_dua,1,sang_trong,Sang trọng,,lon,Lớn,xuong_ca,Xương cá,nhuom,Nhuộm,images/062_ong_dung_dua_sang_trong_lon_xuong_ca_nhuom.png,ai_generated,False,False,pending_artisan_review,1254,1254,473e41aad9a63fd451f9582700a717edb9bc5ba9b43e4cb5fc4d8ec650f692a6,6ac55804a45017d7c759d8a25975043f69de2dc8209ddcce3a84533f9e6b3e2e,
063,Vỏ bình giữ nhiệt,bep_ban_an,Đồ bếp và bàn ăn,vo_binh_giu_nhiet,1,sang_trong,Sang trọng,,lon,Lớn,xuong_ca,Xương cá,son_mai,Sơn mài,images/063_vo_binh_giu_nhiet_sang_trong_lon_xuong_ca_son_mai.png,ai_generated,False,False,pending_artisan_review,1254,1254,da1fdb9e0195f44fc8850248c47407dcc9e10350afbdaa3d7223d89cc8a68f67,c3736fb50041ef1795f12086c59f2c660e5f2cdbcd32f3d8dfcbd7e2d2b9abab,
064,Giỏ đi chợ,gio_ro,Giỏ và rổ,gio_di_cho,1,sang_trong,Sang trọng,,lon,Lớn,mat_cao,Mắt cáo,tu_nhien,Tự nhiên,images/064_gio_di_cho_sang_trong_lon_mat_cao_tu_nhien.png,ai_generated,False,False,pending_artisan_review,1254,1254,6bf0189500e4f5e5fbb4ed0b8dedea054487c25e4b73138d57d1adf8c2a2d667,562bce83470d08af240af597a91446c1a80bb2be15f97f1999a3877e2d3add40,
065,Giỏ dã ngoại,gio_ro,Giỏ và rổ,gio_da_ngoai,1,sang_trong,Sang trọng,,lon,Lớn,mat_cao,Mắt cáo,nhuom,Nhuộm,images/065_gio_da_ngoai_sang_trong_lon_mat_cao_nhuom.png,ai_generated,False,False,pending_artisan_review,1254,1254,0e0114149580f9fee328db8ff71429afb6ebf5d37c7ba284e26b99b650506a54,26d9a689fe3bcc5d80d4e37f5e3c308685cb8820370e3a88fb40e3ebcdc11d54,
066,Giỏ giặt đồ,gio_ro,Giỏ và rổ,gio_giat_do,1,sang_trong,Sang trọng,,lon,Lớn,mat_cao,Mắt cáo,son_mai,Sơn mài,images/066_gio_giat_do_sang_trong_lon_mat_cao_son_mai.png,ai_generated,False,False,pending_artisan_review,1254,1254,8aee51a9d2b52c5331fc20beaaa52c354f73ecb5adebf2dc5f4c4c9b7b7d4198,da27edb614577d0c835db9d7ff3985b79d2a2c3a4d2968d99f1404324c352d17,
067,Giỏ đồ chơi,gio_ro,Giỏ và rổ,gio_do_choi,1,sang_trong,Sang trọng,,lon,Lớn,nong,Nong,tu_nhien,Tự nhiên,images/067_gio_do_choi_sang_trong_lon_nong_tu_nhien.png,ai_generated,False,False,pending_artisan_review,1254,1254,9cfc3fcdff88a4900485ac9785d074df6bdfcbc6e4ca7a6eef48c7742236e99f,b2f9c5c8db95adbbb2ee77f6aa971800278dc3c90ea6b306ba402a988f584ab0,
068,Giỏ quà tặng,gio_ro,Giỏ và rổ,gio_qua_tang,1,sang_trong,Sang trọng,,lon,Lớn,nong,Nong,nhuom,Nhuộm,images/068_gio_qua_tang_sang_trong_lon_nong_nhuom.png,ai_generated,False,False,pending_artisan_review,1254,1254,e22f7de463627c5afe79d3eb7bb5daf380178e12f28df0a738c16a99485a39e3,c3af36b401c54ef1fdc804a5098c23b594afd5bb2a9831c5a4f114686e328aac,
069,Giỏ hoa,gio_ro,Giỏ và rổ,gio_hoa,1,sang_trong,Sang trọng,,lon,Lớn,nong,Nong,son_mai,Sơn mài,images/069_gio_hoa_sang_trong_lon_nong_son_mai.png,ai_generated,False,False,pending_artisan_review,1254,1254,22011569e12cf5b33d2a4de53e3df95d7ce2da4eac0a1edb5733cc014c8efdbf,6eebe118046c6711f6e50c369a6c77930aea892837f2d432bc381ec6e9ee56bd,
070,Giỏ treo tường,gio_ro,Giỏ và rổ,gio_treo_tuong,1,sang_trong,Sang trọng,,lon,Lớn,nan,Nan,tu_nhien,Tự nhiên,images/070_gio_treo_tuong_sang_trong_lon_nan_tu_nhien.png,ai_generated,False,False,pending_artisan_review,1254,1254,f1502b372f3a559d2c9d3223590c57a65d2974a795128c3915933dfde4c6d9ee,48b377256106e62692936f36f7b274dd6119a7cdf037fbb6d5e5a60153eebbf9,
071,Giỏ xe đạp,gio_ro,Giỏ và rổ,gio_xe_dap,1,sang_trong,Sang trọng,,lon,Lớn,nan,Nan,nhuom,Nhuộm,images/071_gio_xe_dap_sang_trong_lon_nan_nhuom.png,ai_generated,False,False,pending_artisan_review,1254,1254,487087bcc0ddf37b12cd2af0eb3a333e7b53f0d4f97f0ce96dd070c8af68e3a4,c0b4d645535d633de16dad5956f07d062a70eb1f57246ce194f2cc2c43889d34,
072,Rổ có quai,gio_ro,Giỏ và rổ,ro_co_quai,1,sang_trong,Sang trọng,,lon,Lớn,nan,Nan,son_mai,Sơn mài,images/072_ro_co_quai_sang_trong_lon_nan_son_mai.png,ai_generated,False,False,pending_artisan_review,1254,1254,07991b0afaec41cb25fa654e5f502a4eae958be7ca149fa53150368a60dfff34,f4a732935a7eef24bc32fbf9abb3031701a9b91e9cbe7a20ae8e92465e6143b1,
073,Hộp bút,van_phong,Văn phòng,hop_but,1,zen,Zen,,nho,Nhỏ,xuong_ca,Xương cá,tu_nhien,Tự nhiên,images/073_hop_but_zen_nho_xuong_ca_tu_nhien.png,ai_generated,False,False,pending_artisan_review,1254,1254,ccfc64fc5569bc75c386f28af3902603963edba92dc31c8d461b6d841e465f5b,a60e2369c387b2bee39fcb4e9ac06a69c067a5ee0c97faaec2153424451f84f4,
074,Khay tài liệu,van_phong,Văn phòng,khay_tai_lieu,1,zen,Zen,,nho,Nhỏ,xuong_ca,Xương cá,nhuom,Nhuộm,images/074_khay_tai_lieu_zen_nho_xuong_ca_nhuom.png,ai_generated,False,False,pending_artisan_review,1254,1254,578058b962683c04d6db5bf8dce9c8ec7f0ece0a7726479b8661ce47a22e6b84,4da91d441a14a0313a2563ce0e0eb40ebc7d0f89ad4e41b614928c7c745a706d,
075,Kệ tạp chí,van_phong,Văn phòng,ke_tap_chi,1,zen,Zen,,nho,Nhỏ,xuong_ca,Xương cá,son_mai,Sơn mài,images/075_ke_tap_chi_zen_nho_xuong_ca_son_mai.png,ai_generated,False,False,pending_artisan_review,1254,1254,464d1fa48fe1f0d53238ea011cb0ad33495e6c67b174e46ed65091f3a6fd44fa,5ba5fdd3a24a5f727cdaf2e9e46c29a1e7ab27c0608425370758e1d490d75ae1,
076,Hộp danh thiếp,van_phong,Văn phòng,hop_namecard,1,zen,Zen,,nho,Nhỏ,mat_cao,Mắt cáo,tu_nhien,Tự nhiên,images/076_hop_namecard_zen_nho_mat_cao_tu_nhien.png,ai_generated,False,False,pending_artisan_review,1254,1254,a49c1fbf00b7c178fb416fee8d54c1114a21676d3d16e978eb49bce6b545a92c,b881c164450b521829ea7a6a5e42802b4f96fbd60755e81f1823feb84440d991,
077,Giá điện thoại,van_phong,Văn phòng,gia_dien_thoai,1,zen,Zen,,nho,Nhỏ,mat_cao,Mắt cáo,nhuom,Nhuộm,images/077_gia_dien_thoai_zen_nho_mat_cao_nhuom.png,ai_generated,False,False,pending_artisan_review,1254,1254,ebe1ef5325826942c654d10da6c6a861e35ba42e72d66c2c5bf91ad3aa0b0960,b73a7d01372fd4cd5fa3f06efa72e7a23b3d8ab88567e77e9fef5ced727e5588,
078,Giá sách để bàn,van_phong,Văn phòng,gia_sach,1,zen,Zen,,nho,Nhỏ,mat_cao,Mắt cáo,son_mai,Sơn mài,images/078_gia_sach_zen_nho_mat_cao_son_mai.png,ai_generated,False,False,pending_artisan_review,1254,1254,c8d0d8b47d43b06095db411d1879289113ea258a451ec2990557fab4c403cfc1,c1fad8af6347e326bf91e71ff37d56591c9874ecef0cf217e62f14ca82108450,
079,Hộp khăn giấy,van_phong,Văn phòng,hop_khan_giay,1,zen,Zen,,nho,Nhỏ,nong,Nong,tu_nhien,Tự nhiên,images/079_hop_khan_giay_zen_nho_nong_tu_nhien.png,ai_generated,False,False,pending_artisan_review,1254,1254,0416ce66e1f677e0898ec7a0207058b423034fd038ffb2cf0aef80a03359cfac,eaedd62469af402272f3b5071af8a3dfedaa1c05672261d6d53a78a8606c76cb,
080,Thùng rác,van_phong,Văn phòng,thung_rac,1,zen,Zen,,nho,Nhỏ,nong,Nong,nhuom,Nhuộm,images/080_thung_rac_zen_nho_nong_nhuom.png,ai_generated,False,False,pending_artisan_review,1254,1254,f66efcdba805e6246c68ab10e71dda6337fe5973d76fda490a224177fca2983d,649931db25bf98ba0f93e099de1ed800ed06df240ddc7688b56709cfd9e68bef,
081,Khay chia ô,van_phong,Văn phòng,khay_chia_o,1,zen,Zen,,nho,Nhỏ,nong,Nong,son_mai,Sơn mài,images/081_khay_chia_o_zen_nho_nong_son_mai.png,ai_generated,False,False,pending_artisan_review,1254,1254,4c9f6dc8ac45fe28e5640e8d9562b98b800252889cb02df62403c6b81c9328d8,36614905bb1cd6dc49a9f4cea9c3f65755e9f5e892ff25b7e49848a924d46101,
082,Vỏ chậu cây,vuon_khong_gian,Sân vườn và không gian,vo_chau_cay,1,zen,Zen,,nho,Nhỏ,nan,Nan,tu_nhien,Tự nhiên,images/082_vo_chau_cay_zen_nho_nan_tu_nhien.png,ai_generated,False,False,pending_artisan_review,1254,1254,f60514c6c3ce1e69b5a63a81383cd329fc211a7d6ca6cdab7e6e514e9f908659,5cdd532452e339c13350cd0dadb406c3bd264bed0aba163f904a17526363148b,
083,Giỏ treo cây,vuon_khong_gian,Sân vườn và không gian,gio_treo_cay,1,zen,Zen,,nho,Nhỏ,nan,Nan,nhuom,Nhuộm,images/083_gio_treo_cay_zen_nho_nan_nhuom.png,ai_generated,False,False,pending_artisan_review,1254,1254,a35b0668db65f3e8aac182ce626dc6d7ac806a10802deb403a8bb5033ffb657d,abb87be7743aa6fc309d5328ea207a9a6b1e147c3180fb49416688a20751230e,
084,Kệ chậu cây,vuon_khong_gian,Sân vườn và không gian,ke_chau_cay,1,zen,Zen,,nho,Nhỏ,nan,Nan,son_mai,Sơn mài,images/084_ke_chau_cay_zen_nho_nan_son_mai.png,ai_generated,False,False,pending_artisan_review,1254,1254,c59171dfd9c6d7bc8a88de646c4ea41a720e45667ce1609a66417b5b03c97cfa,58de611a4cbf546b8a6b192a997c60f1d4a3a0f9a4bf9ea15c181cf19a26c727,
085,Giá leo cây,vuon_khong_gian,Sân vườn và không gian,gia_leo_cay,1,zen,Zen,,vua,Vừa,xuong_ca,Xương cá,tu_nhien,Tự nhiên,images/085_gia_leo_cay_zen_vua_xuong_ca_tu_nhien.png,ai_generated,False,False,pending_artisan_review,1254,1254,3f4cd669761586f11f672abb242b60c0b263f5548478bc380af2903c83c47df5,3c27430156d6e472d6b2a22faaff886239efb815043b26e6a3119e9d1683d8b1,
086,Bình phong,vuon_khong_gian,Sân vườn và không gian,binh_phong,1,zen,Zen,,vua,Vừa,xuong_ca,Xương cá,nhuom,Nhuộm,images/086_binh_phong_zen_vua_xuong_ca_nhuom.png,ai_generated,False,False,pending_artisan_review,1254,1254,9fffeb5d284774093c8f1025f869c1386f5909a3a554a4a3e0171c9813ea6a6a,9c04e4d2fb8adf6d24284434061d20cb3354d72597c5a9437f69e788ebf88e94,
087,Rèm cửa,vuon_khong_gian,Sân vườn và không gian,rem_cua,1,zen,Zen,,vua,Vừa,xuong_ca,Xương cá,son_mai,Sơn mài,images/087_rem_cua_zen_vua_xuong_ca_son_mai.png,ai_generated,False,False,pending_artisan_review,1254,1254,f83519f55046dbe8b4b5d44fc29f3da78127d9f6eff91a96f473d63e71c02e5c,e9acd9c828da9d75cf498cde988a5584615b3a7e5f0a17081edf04e2322f1e8e,
088,Tấm ốp tường,vuon_khong_gian,Sân vườn và không gian,tam_op_tuong,1,zen,Zen,,vua,Vừa,mat_cao,Mắt cáo,tu_nhien,Tự nhiên,images/088_tam_op_tuong_zen_vua_mat_cao_tu_nhien.png,ai_generated,False,False,pending_artisan_review,1254,1254,a6ffa0ec73ede8238262228b27d1f7702c16731ac42d76866ff2fbb617b77956,34b45496201848bb2bd880a0e927605cc75730310f75a59c2b1431b72dd061d3,
089,Cổng vòm trang trí,vuon_khong_gian,Sân vườn và không gian,cong_vom_trang_tri,1,zen,Zen,,vua,Vừa,mat_cao,Mắt cáo,nhuom,Nhuộm,images/089_cong_vom_trang_tri_zen_vua_mat_cao_nhuom.png,ai_generated,False,False,pending_artisan_review,1254,1254,ee002084dfd7240eec3f683d6c5556f219032217fa9cdb24b51e533b2cf60dbd,afd8e1cf0a2ebc5e3cde2c01a90df1c7b4cf79505f407e4ab5c2dc797a4ae4ba,
090,Chuông gió,vuon_khong_gian,Sân vườn và không gian,chuong_gio,1,zen,Zen,,vua,Vừa,mat_cao,Mắt cáo,son_mai,Sơn mài,images/090_chuong_gio_zen_vua_mat_cao_son_mai.png,ai_generated,False,False,pending_artisan_review,1254,1254,ab6b94afdfcb3d71072618e768708c861b28de0a2d16ce643ef5c3edfeb9ed32,73e4b583f49bffb1c3d1163df8c6f7b56a30713b5c4b0c3abd6b38155790399d,
091,Đầu giường,phong_ngu_phong_tam,Phòng ngủ và phòng tắm,dau_giuong,1,zen,Zen,,vua,Vừa,nong,Nong,tu_nhien,Tự nhiên,images/091_dau_giuong_zen_vua_nong_tu_nhien.png,ai_generated,False,False,pending_artisan_review,1254,1254,b7eff9674d1cf7d48839d67f8c6643661121b0a757b4f54b8e6506054e4b5c26,fc39fad8319bc46266694a88fbd51b930846c965f0a60cea9525dfd5dab5859c,
092,Tấm trang trí chân giường,phong_ngu_phong_tam,Phòng ngủ và phòng tắm,chan_giuong_trang_tri,1,zen,Zen,,vua,Vừa,nong,Nong,nhuom,Nhuộm,images/092_chan_giuong_trang_tri_zen_vua_nong_nhuom.png,ai_generated,False,False,pending_artisan_review,1254,1254,134c119bccb97ab25d2e35143933d2e7697f4916a33a6ca145ac2297e2ffd8ed,3665e25e2770f1466d2ae46999152b3f7abc76e0cc707293ed0f88562e627d51,
093,Khay bồn tắm,phong_ngu_phong_tam,Phòng ngủ và phòng tắm,khay_bon_tam,1,zen,Zen,,vua,Vừa,nong,Nong,son_mai,Sơn mài,images/093_khay_bon_tam_zen_vua_nong_son_mai.png,ai_generated,False,False,pending_artisan_review,1254,1254,523f62d499ca178be48e1e32aff6b654f3af956e0c1a69ea8a55ba097b5014e7,556dbcc12b8d8337a20bbd4f39bbcbfee7cc40f647bd43e2be8c69b5357a0ca5,
094,Giỏ khăn,phong_ngu_phong_tam,Phòng ngủ và phòng tắm,gio_khan,1,zen,Zen,,vua,Vừa,nan,Nan,tu_nhien,Tự nhiên,images/094_gio_khan_zen_vua_nan_tu_nhien.png,ai_generated,False,False,pending_artisan_review,1254,1254,578ea1544000e53496b166af9c4645c52b22710118e9b6bead57f8f5afdd773a,cef32c44043ed3fc63f518dcb6b2d89c7fd7013e8c250b2b2f07369444fa826d,
095,Giỏ đựng giấy vệ sinh,phong_ngu_phong_tam,Phòng ngủ và phòng tắm,gio_dung_giay_ve_sinh,1,zen,Zen,,vua,Vừa,nan,Nan,nhuom,Nhuộm,images/095_gio_dung_giay_ve_sinh_zen_vua_nan_nhuom.png,ai_generated,False,False,pending_artisan_review,1254,1254,983d5ba94e2713d4827a991e9946afe03d32ac91924495263d1d689a389302e3,4f31fbf05a6fe0b76794fb85fb49bedf225ed7d21dcab580fd9542fb4a651f95,
096,Giá treo khăn,phong_ngu_phong_tam,Phòng ngủ và phòng tắm,gia_treo_khan,1,zen,Zen,,vua,Vừa,nan,Nan,son_mai,Sơn mài,images/096_gia_treo_khan_zen_vua_nan_son_mai.png,ai_generated,False,False,pending_artisan_review,1254,1254,2435f07edfa94f304a6b6606e0629c3edb3f17fde0437ad1fc1cc764b754619b,20516e563da25869c22e4eab7083edab0351a97096c3e88a5865aac8ab2a6b0c,
097,Hộp đựng xà phòng,phong_ngu_phong_tam,Phòng ngủ và phòng tắm,hop_dung_xa_phong,1,zen,Zen,,lon,Lớn,xuong_ca,Xương cá,tu_nhien,Tự nhiên,images/097_hop_dung_xa_phong_zen_lon_xuong_ca_tu_nhien.png,ai_generated,False,False,pending_artisan_review,1254,1254,84dd446ccb3026904f5dd968f32c2c592fdfa9fc39c9950151feb350f81ff170,edb1592e7a792b08c2d976c3a3a46e88606bb8995d13f50490ebe43b33c5351a,
098,Rổ lưu trữ dưới giường,phong_ngu_phong_tam,Phòng ngủ và phòng tắm,ro_luu_tru_duoi_giuong,1,zen,Zen,,lon,Lớn,xuong_ca,Xương cá,nhuom,Nhuộm,images/098_ro_luu_tru_duoi_giuong_zen_lon_xuong_ca_nhuom.png,ai_generated,False,False,pending_artisan_review,1254,1254,73561b55a68c304676ba9880ddb50c96662e485cb11922fcdaa9bccb5309a2ee,eb9c8797e3c69ee0515425d4bc84ac4e14d021464c2e2bc7d845708b6c678842,
099,Hộp đồ may vá,phong_ngu_phong_tam,Phòng ngủ và phòng tắm,hop_do_may_va,1,zen,Zen,,lon,Lớn,xuong_ca,Xương cá,son_mai,Sơn mài,images/099_hop_do_may_va_zen_lon_xuong_ca_son_mai.png,ai_generated,False,False,pending_artisan_review,1254,1254,521ae297efb796909035c4090dba13b3e4f96a8fb2c40e3febab514220bd7ad3,a7f2a15962ecf948b72f78bb22004d1ff2e3733983b6b62c6d17692f386a188c,
100,Giường mèo,thu_cung_giai_tri,Thú cưng và giải trí,giuong_meo,1,zen,Zen,,lon,Lớn,mat_cao,Mắt cáo,tu_nhien,Tự nhiên,images/100_giuong_meo_zen_lon_mat_cao_tu_nhien.png,ai_generated,False,False,pending_artisan_review,1254,1254,d9242a91a89833a57b32f219c58e8a1e432d903f950ac572e62357a456490247,647da0eab31c492aaebeb7c3f44e8219809a638cfa0eb872c883c16584c885fc,
101,Nhà mèo,thu_cung_giai_tri,Thú cưng và giải trí,nha_meo,1,zen,Zen,,lon,Lớn,mat_cao,Mắt cáo,nhuom,Nhuộm,images/101_nha_meo_zen_lon_mat_cao_nhuom.png,ai_generated,False,False,pending_artisan_review,1254,1254,0071123cde2691183ccac670bd9d6bf13f5cfa942d9cd2f7157e00731d50946c,8902f470b8ccbd7309bb86b9081fa410310f5aa274d54cab545f37b461cbb5dd,
102,Giỏ vận chuyển thú cưng,thu_cung_giai_tri,Thú cưng và giải trí,long_van_chuyen,1,zen,Zen,,lon,Lớn,mat_cao,Mắt cáo,son_mai,Sơn mài,images/102_long_van_chuyen_zen_lon_mat_cao_son_mai.png,ai_generated,False,False,pending_artisan_review,1254,1254,4891b52734e0794a3999227c1f43ada1fda0c705f9738117d2a44792e3b21340,c4097db0bb1538d9f3391af43c5037be34c9bd641f4d1c69e5c73b166ed7c06c,
103,Giỏ đồ chơi thú cưng,thu_cung_giai_tri,Thú cưng và giải trí,gio_do_choi_thu_cung,1,zen,Zen,,lon,Lớn,nong,Nong,tu_nhien,Tự nhiên,images/103_gio_do_choi_thu_cung_zen_lon_nong_tu_nhien.png,ai_generated,False,False,pending_artisan_review,1254,1254,858411f86f548afad5ad5e12da0005a5c492f80e841016229328fb62e75c090a,e27c324ecd8467d442f8df7593edf5825fd128937d128aa3ee9683b4ccdfaab5,
104,Quả cầu trang trí,thu_cung_giai_tri,Thú cưng và giải trí,qua_cau_trang_tri,1,zen,Zen,,lon,Lớn,nong,Nong,nhuom,Nhuộm,images/104_qua_cau_trang_tri_zen_lon_nong_nhuom.png,ai_generated,False,False,pending_artisan_review,1254,1254,781ce9176e670b239d413fd013d3705f19a7dff9632e88a15f66342bf8cf3c37,5a0b5fc100594e9f3211e5e7fbe967e833d9d96065286e353b9431625eaf0d03,
105,Quạt tay,thu_cung_giai_tri,Thú cưng và giải trí,quat_tay,1,zen,Zen,,lon,Lớn,nong,Nong,son_mai,Sơn mài,images/105_quat_tay_zen_lon_nong_son_mai.png,ai_generated,False,False,pending_artisan_review,1254,1254,37e432ed009ebb5a40c0717c0c59622ea98670167000a6f02b925bfdc293d5d6,2272d7fc33f664191b4e3e7f1610fd8fa42c3bcafd9bfe3429fdbd3839dd79c4,
106,Mũ tre,thu_cung_giai_tri,Thú cưng và giải trí,mu_tre,1,zen,Zen,,lon,Lớn,nan,Nan,tu_nhien,Tự nhiên,images/106_mu_tre_zen_lon_nan_tu_nhien.png,ai_generated,False,False,pending_artisan_review,1254,1254,996a2d224a7b8c00f4eabbe95beef1d6e5c4064f299ddc1d72810ae2767595a1,f7d26f408aa9a53595eed57673d814b1967ffd98bb0c458355b915e2e2d09216,
107,Hộp cờ bàn,thu_cung_giai_tri,Thú cưng và giải trí,hop_co_ban,1,zen,Zen,,lon,Lớn,nan,Nan,nhuom,Nhuộm,images/107_hop_co_ban_zen_lon_nan_nhuom.png,ai_generated,False,False,pending_artisan_review,1254,1254,9c0acd97e9bf50f52e89f29373cd9ee02f8a4aaab6f59a41f6de397945197322,3c22ef62fe69f7d69dee0a322df663cbc8699c1e61aa3a9e5fb11074446ddae7,
108,Khay ấm trà,thu_cung_giai_tri,Thú cưng và giải trí,khay_am_tra,1,zen,Zen,,lon,Lớn,nan,Nan,son_mai,Sơn mài,images/108_khay_am_tra_zen_lon_nan_son_mai.png,ai_generated,False,False,pending_artisan_review,1254,1254,16423739c22f971740af7f21cdc082e72b8896016670fd2410b8bd7bb1336590,e0bf7ce09c6f0c2f3139cf546a24cb08deb07938a9a1f8deff165b1bb582288a,
109,Gương mặt trời,trang_tri,Trang trí,guong_mat_troi,2,modern,Modern,,nho,Nhỏ,xuong_ca,Xương cá,tu_nhien,Tự nhiên,images/109_guong_mat_troi_modern_nho_xuong_ca_tu_nhien.png,ai_generated,False,False,pending_artisan_review,1254,1254,b12dd5452ca2a36624858a8248d8775ef7b63fbb016debe0d6b00ba1f2b87083,c584581d86b94556920b1b0549661f31263ee040c927847a0806fed51fd59a3a,
110,Gương oval,trang_tri,Trang trí,guong_oval,2,modern,Modern,,nho,Nhỏ,xuong_ca,Xương cá,nhuom,Nhuộm,images/110_guong_oval_modern_nho_xuong_ca_nhuom.png,ai_generated,False,False,pending_artisan_review,1254,1254,d8a146118d7112c9542667a4f629948f394083ee371563ef164c67b7f3efc382,006cbe7bba5d41b515913b5bb046d41b58bf045a98dca1ea87b7b848543537ae,
111,Gương vòm,trang_tri,Trang trí,guong_vom,2,modern,Modern,,nho,Nhỏ,xuong_ca,Xương cá,son_mai,Sơn mài,images/111_guong_vom_modern_nho_xuong_ca_son_mai.png,ai_generated,False,False,pending_artisan_review,1254,1254,2648a5aee35e3d6b48e15b4ff68484df3a3ceaf0486585cc141df21c8ce9e474,602232d2139d1b94baae8302b33629d1695be460896f2e43bda1864767ff779b,
112,Khung ảnh,trang_tri,Trang trí,khung_anh,2,modern,Modern,,nho,Nhỏ,mat_cao,Mắt cáo,tu_nhien,Tự nhiên,images/112_khung_anh_modern_nho_mat_cao_tu_nhien.png,ai_generated,False,False,pending_artisan_review,1254,1254,ccd182bf6b442f189c6a80b493768482f3a7beb131efae6f58d6458739dcd0c5,9d3ccaf4d5072b2f6bb0472afa47cf8da83fafcc301902a04bd1910cfb85c927,
113,Đồng hồ treo tường,trang_tri,Trang trí,dong_ho_treo_tuong,2,modern,Modern,,nho,Nhỏ,mat_cao,Mắt cáo,nhuom,Nhuộm,images/113_dong_ho_treo_tuong_modern_nho_mat_cao_nhuom.png,ai_generated,False,False,pending_artisan_review,1254,1254,2ffdb084020bd5007eab901403ed225b50391f82ed923c62752c959cd5970dc4,49d0bed70f377dc825efdccb8a61796a5976cec734f5d8b2858914582595f002,
114,Đĩa trang trí,trang_tri,Trang trí,dia_trang_tri,2,modern,Modern,,nho,Nhỏ,mat_cao,Mắt cáo,son_mai,Sơn mài,images/114_dia_trang_tri_modern_nho_mat_cao_son_mai.png,ai_generated,False,False,pending_artisan_review,1254,1254,bba7cf08f8112b3a1dc056907ceb20e60b60c06451eb8dac40d02309b95aa8ce,f0e1c7fc33d265daa0923d988ee03657954d37b352d2fe373b69a1d120b282b0,
115,Hoa sen trang trí,trang_tri,Trang trí,hoa_sen_trang_tri,2,modern,Modern,,nho,Nhỏ,nong,Nong,tu_nhien,Tự nhiên,images/115_hoa_sen_trang_tri_modern_nho_nong_tu_nhien.png,ai_generated,False,False,pending_artisan_review,1254,1254,aab75b12af39ce7d95d17b85a7ed66d3dd7505f1cfd5b8ee0dd667cdc41d8a57,2fb77e9a875e74876ec9be9d07bca81fc9dda68a539ffef97ca805345211a852,
116,Bình trang trí,trang_tri,Trang trí,binh_trang_tri,2,modern,Modern,,nho,Nhỏ,nong,Nong,nhuom,Nhuộm,images/116_binh_trang_tri_modern_nho_nong_nhuom.png,ai_generated,False,False,pending_artisan_review,1254,1254,382d15932a58d69784deb7a54e38da5761a192655d20fbbdd95d778be07debb1,78a801e9b87f3d24667b378e74ebbd27aed5f5dc48683949c74db93d7784a285,
117,Mô hình thuyền,trang_tri,Trang trí,mo_hinh_thuyen,2,modern,Modern,,nho,Nhỏ,nong,Nong,son_mai,Sơn mài,images/117_mo_hinh_thuyen_modern_nho_nong_son_mai.png,ai_generated,False,False,pending_artisan_review,1254,1254,e8c7bac11e2e48bd1d3a1b5dcf51672392ee1158c5d7469a1cbcb5fcf359a3b2,065a1c247e97b9d5266ba0944da8f4bc564907a45276a9f46830664d0eaea935,
118,Ghế tổ chim,ghe_noi_that,Ghế,ghe_to_chim,2,modern,Modern,,nho,Nhỏ,nan,Nan,tu_nhien,Tự nhiên,images/118_ghe_to_chim_modern_nho_nan_tu_nhien.png,ai_generated,False,False,pending_artisan_review,1254,1254,472a31ff11db6debb7c79d614d0db3f8fde8efabce5b0406dbf68b8e1ca9a74b,58325f5aa0877a7524c00a88c301048b42a43a2ac6e9486d6419dab0cc0b3e2b,
119,Ghế bành,ghe_noi_that,Ghế,ghe_banh,2,modern,Modern,,nho,Nhỏ,nan,Nan,nhuom,Nhuộm,images/119_ghe_banh_modern_nho_nan_nhuom.png,ai_generated,False,False,pending_artisan_review,1254,1254,ded40e487f1393939027be5b3e4c0b0dda0cef488e5a1487b5330be80c244912,d282f36042c40c5385d014ed1f1431302fe6a45295acce01e78d44f64132552d,
120,Ghế ăn,ghe_noi_that,Ghế,ghe_an,2,modern,Modern,,nho,Nhỏ,nan,Nan,son_mai,Sơn mài,images/120_ghe_an_modern_nho_nan_son_mai.png,ai_generated,False,False,pending_artisan_review,1254,1254,1d276632e6e21dbeb15d4654bbf6002a4a0b66de3d60e33d4d1f22454274b27d,8ffbea143592d27163ba3e0a22758f4f52bc272575a19391abf064c18b6de868,
121,Ghế đôn,ghe_noi_that,Ghế,ghe_don,2,modern,Modern,,vua,Vừa,xuong_ca,Xương cá,tu_nhien,Tự nhiên,images/121_ghe_don_modern_vua_xuong_ca_tu_nhien.png,ai_generated,False,False,pending_artisan_review,1254,1254,cf08a7d9850dd0e43bac102d87ba656a18b3fd60dbc177b00ae633fdce7a5032,28acc8031791ab399a0c16152b3ad5644f8035c613977b1722aa63bf996c9ee6,
122,Ghế bập bênh,ghe_noi_that,Ghế,ghe_bap_benh,2,modern,Modern,,vua,Vừa,xuong_ca,Xương cá,nhuom,Nhuộm,images/122_ghe_bap_benh_modern_vua_xuong_ca_nhuom.png,ai_generated,False,False,pending_artisan_review,1254,1254,8d28ba71d88b5d6f26cc528f923cdc8271bcac4ae875974b374d8fbd79e14f76,0687c85690b6781cdf48c7cdeabe8f5794decae4fdbafad3334abb96c585f031,
123,Ghế dài,ghe_noi_that,Ghế,ghe_dai,2,modern,Modern,,vua,Vừa,xuong_ca,Xương cá,son_mai,Sơn mài,images/123_ghe_dai_modern_vua_xuong_ca_son_mai.png,ai_generated,False,False,pending_artisan_review,1254,1254,7047fa9202498e3de11d2e24261b59515713b4bd1ecc72e436b5e4247eec635c,d397f2fda6a2ab03b3b0aa3b06714798a8dd43c32c1a0fccc1ed602a6d70d24d,
124,Ghế tựa lưng cao,ghe_noi_that,Ghế,ghe_tua_lung_cao,2,modern,Modern,,vua,Vừa,mat_cao,Mắt cáo,tu_nhien,Tự nhiên,images/124_ghe_tua_lung_cao_modern_vua_mat_cao_tu_nhien.png,ai_generated,False,False,pending_artisan_review,1254,1254,76ed616445329215a03e5ad56ce646e390dbce484ac9890dece25345c1ca3b33,7919caf10cc52cf5e5f7418e69eaf0321c3483d8f59a6f27327f6c407aaa568b,
125,Ghế thư giãn,ghe_noi_that,Ghế,ghe_thu_gian,2,modern,Modern,,vua,Vừa,mat_cao,Mắt cáo,nhuom,Nhuộm,images/125_ghe_thu_gian_modern_vua_mat_cao_nhuom.png,ai_generated,False,False,pending_artisan_review,1254,1254,af0efbe7818bc05e32a28c0531f19bbae35119f80758900a62f65ed455150fec,39c6b9aaacc9e179101208a69591646dd83f8be5da47f88e0c9f61edb9fd84a5,
126,Xích đu,ghe_noi_that,Ghế,xich_du,2,modern,Modern,,vua,Vừa,mat_cao,Mắt cáo,son_mai,Sơn mài,images/126_xich_du_modern_vua_mat_cao_son_mai.png,ai_generated,False,False,pending_artisan_review,1254,1254,8debd56deff4d31643bf05ef632274a68af13841f3a3abad04898e25704a082b,14d287b7b18606187f0fd15758830a08662ec00f85aa0a154c91fa0b25f7a2da,
127,Bàn trà Á Đông,ban_ke,Bàn và kệ,ban_tra_a_dong,2,modern,Modern,,vua,Vừa,nong,Nong,tu_nhien,Tự nhiên,images/127_ban_tra_a_dong_modern_vua_nong_tu_nhien.png,ai_generated,False,False,pending_artisan_review,1254,1254,63e394904bef1802b77f23bfd13e02ea1cf3916c5b703f25f8d8332d0ce45bb8,72f470c2bf5a9e99713c10359bf192dd89f9f982fc685af3cfbe18f4814f7dda,
128,Bàn cà phê tròn,ban_ke,Bàn và kệ,ban_ca_phe_tron,2,modern,Modern,,vua,Vừa,nong,Nong,nhuom,Nhuộm,images/128_ban_ca_phe_tron_modern_vua_nong_nhuom.png,ai_generated,False,False,pending_artisan_review,1254,1254,d24705fe3b5a5756abdad766ffa2980eec457d2e8ca7a0f63ee8324a9692114f,f5d5f537858d606bf6a70d3ef3f7497e5e8f376153528614f781767b7ee1fd1a,
129,Bàn cà phê oval,ban_ke,Bàn và kệ,ban_ca_phe_oval,2,modern,Modern,,vua,Vừa,nong,Nong,son_mai,Sơn mài,images/129_ban_ca_phe_oval_modern_vua_nong_son_mai.png,ai_generated,False,False,pending_artisan_review,1254,1254,d32f8eeb182c2b7f237de16f7c327a1fe0cc2336f294b7e1367350cff4497c78,248f7e99fd2ac3e509e44e6eeea7be06e38ccb8b35bf314a769161acaa8b1832,
130,Bàn bên sofa,ban_ke,Bàn và kệ,ban_ben_sofa,2,modern,Modern,,vua,Vừa,nan,Nan,tu_nhien,Tự nhiên,images/130_ban_ben_sofa_modern_vua_nan_tu_nhien.png,ai_generated,False,False,pending_artisan_review,1254,1254,e68f5cbfb0b2cefc9904218a1a99bbe418e566a4616f5935ddc615c24e0aa950,09c9025658fb2673940f9228dc9a52c87f569e70674ae16b196a9714924ef350,
131,Bàn đầu giường,ban_ke,Bàn và kệ,ban_dau_giuong,2,modern,Modern,,vua,Vừa,nan,Nan,nhuom,Nhuộm,images/131_ban_dau_giuong_modern_vua_nan_nhuom.png,ai_generated,False,False,pending_artisan_review,1254,1254,50c5ece771921b5c72d34de034d9c698314441db4ec1e994abef381aa6a0c554,8417e39cc59fc27b56a20b2db934ffe63642b5c97459fcb683665a57ca685c63,
132,Bàn console,ban_ke,Bàn và kệ,ban_console,2,modern,Modern,,vua,Vừa,nan,Nan,son_mai,Sơn mài,images/132_ban_console_modern_vua_nan_son_mai.png,ai_generated,False,False,pending_artisan_review,1254,1254,9927d7aaa7ebbf5d5947539f8221110ab364bae97b5eb7e6ca4eadaf8e83ecc1,9e7f92f0727f83b2323d1dc83305e8dde415ddc6c3b253c696d067100064b5a0,
133,Bàn làm việc,ban_ke,Bàn và kệ,ban_lam_viec,2,modern,Modern,,lon,Lớn,xuong_ca,Xương cá,tu_nhien,Tự nhiên,images/133_ban_lam_viec_modern_lon_xuong_ca_tu_nhien.png,ai_generated,False,False,pending_artisan_review,1254,1254,4112fd2eb0945a05584a61fe1df8d6a11340f209769a8a0d16484de430924fe2,d9967fe6880845a51301f33b116dec75db57f98e076f050d39a9cd704d96fac5,
134,Kệ sách,ban_ke,Bàn và kệ,ke_sach,2,modern,Modern,,lon,Lớn,xuong_ca,Xương cá,nhuom,Nhuộm,images/134_ke_sach_modern_lon_xuong_ca_nhuom.png,ai_generated,False,False,pending_artisan_review,1254,1254,5af040c64160973c1c6e7c623222c1a017ad9a1cf2e9ea6451bccddd198152ee,fffe1a3611c8e5d389f4363d81704a982eca9aa627d69826f7838d97edf8baeb,
135,Kệ giày,ban_ke,Bàn và kệ,ke_giay,2,modern,Modern,,lon,Lớn,xuong_ca,Xương cá,son_mai,Sơn mài,images/135_ke_giay_modern_lon_xuong_ca_son_mai.png,ai_generated,False,False,pending_artisan_review,1254,1254,99e1a31257037e5df36949e5ba07ae48c9360f9038d3f89d48321c61378a72a6,19a36f0d114e0e1f8715f7ff6e761155908679588d0d658594a3dfea1e45f016,
136,Tủ đầu giường,tu_luu_tru,Tủ và hộp lưu trữ,tu_dau_giuong,2,modern,Modern,,lon,Lớn,mat_cao,Mắt cáo,tu_nhien,Tự nhiên,images/136_tu_dau_giuong_modern_lon_mat_cao_tu_nhien.png,ai_generated,False,False,pending_artisan_review,1254,1254,fe046094cf05bc738c9dc0e5fc09f197448f37eb1599079f2e2688e88243c16a,f5161500154578a14ef1fbf93bdd6fe6fdda541c18a04acc620da6ffe4c48229,
137,Tủ TV,tu_luu_tru,Tủ và hộp lưu trữ,tu_tivi,2,modern,Modern,,lon,Lớn,mat_cao,Mắt cáo,nhuom,Nhuộm,images/137_tu_tivi_modern_lon_mat_cao_nhuom.png,ai_generated,False,False,pending_artisan_review,1254,1254,4bfa5ce99e147757b73653166d0176b8c011644ee58b0e309eeb8230eb3a4651,f4cd44117a0086bfe2ed15a1389044cba8d656c442ae52937059796ddae937d8,
138,Tủ trang trí,tu_luu_tru,Tủ và hộp lưu trữ,tu_trang_tri,2,modern,Modern,,lon,Lớn,mat_cao,Mắt cáo,son_mai,Sơn mài,images/138_tu_trang_tri_modern_lon_mat_cao_son_mai.png,ai_generated,False,False,pending_artisan_review,1254,1254,0211c3e44b650ae0e20e531bbf351068114851281033a668322bcee71139891d,e48a0211a52b8effbc6ddab0476a0478dc4a5fbfa57f9f13855ddfe1cd4ce92c,
139,Tủ quần áo,tu_luu_tru,Tủ và hộp lưu trữ,tu_quan_ao,2,modern,Modern,,lon,Lớn,nong,Nong,tu_nhien,Tự nhiên,images/139_tu_quan_ao_modern_lon_nong_tu_nhien.png,ai_generated,False,False,pending_artisan_review,1254,1254,74a5d8e86e713b445251ab464dc43df07992ecba17c70293efbd26e5ca82a0d3,8ff59332f72b945fc5772856fd996896df69add7c0f5d0c4b544d4aad3b1f831,
140,Rương đựng đồ,tu_luu_tru,Tủ và hộp lưu trữ,ruong_dung_do,2,modern,Modern,,lon,Lớn,nong,Nong,nhuom,Nhuộm,images/140_ruong_dung_do_modern_lon_nong_nhuom.png,ai_generated,False,False,pending_artisan_review,1254,1254,027cd9560b3256c90d07d38edc41afc07755402ba0bbc84cd76900031ce94399,5640a94907cb9d3c86df45e5d80966ae5b00e0abe5ac0fcd52900444a5cf4c4e,
141,Hộp trang sức,tu_luu_tru,Tủ và hộp lưu trữ,hop_trang_suc,2,modern,Modern,,lon,Lớn,nong,Nong,son_mai,Sơn mài,images/141_hop_trang_suc_modern_lon_nong_son_mai.png,ai_generated,False,False,pending_artisan_review,1254,1254,efd63181814903a2c7cc7475e8bccf42f953326e1ad5607c3896fac16df54cf1,a54b23b49dd8845ff5361a2d1ce57a4d440e762d80de3b8440937ae1a31b4061,
142,Hộp mỹ phẩm,tu_luu_tru,Tủ và hộp lưu trữ,hop_my_pham,2,modern,Modern,,lon,Lớn,nan,Nan,tu_nhien,Tự nhiên,images/142_hop_my_pham_modern_lon_nan_tu_nhien.png,ai_generated,False,False,pending_artisan_review,1254,1254,18a450af4873b90ed171a0acd83bfabd6da8492bd11abc0f3446f6c87c393ef6,84f78b0894f58a4d6dbcf0f2f6a8ba283cc49994ae088ade098b74b9036a0061,
143,Ngăn kéo rời,tu_luu_tru,Tủ và hộp lưu trữ,ngan_keo_roi,2,modern,Modern,,lon,Lớn,nan,Nan,nhuom,Nhuộm,images/143_ngan_keo_roi_modern_lon_nan_nhuom.png,ai_generated,False,False,pending_artisan_review,1254,1254,c6c1259260a6c3f4984906593938c2def2062b3ed9f4a63c40e616018e0b69d9,d2ee5ebad23be27a3c24555f82a41b425b04fc88c5030e743aaeb0ac5fcf9354,
144,Kệ góc,tu_luu_tru,Tủ và hộp lưu trữ,ke_goc,2,modern,Modern,,lon,Lớn,nan,Nan,son_mai,Sơn mài,images/144_ke_goc_modern_lon_nan_son_mai.png,ai_generated,False,False,pending_artisan_review,1254,1254,5940480d4010a120ff212b8110eba6414daff9a22cb690bf52537bf7c8aa342d,e2a4f5089618bd87c2b22fc483921b22514d02bf0a3cae4a9678d61f15a1e682,
145,Đèn chùm hoa sen,den_chieu_sang,Đèn,den_chum_hoa_sen,2,royal,Royal,,nho,Nhỏ,xuong_ca,Xương cá,tu_nhien,Tự nhiên,images/145_den_chum_hoa_sen_royal_nho_xuong_ca_tu_nhien.png,ai_generated,False,False,pending_artisan_review,1254,1254,e0a27bc853ae174435ab09f5e93375cffe012f341fb68515974fcf2de47a2dca,bc9f33da9a33c9b918c4291993cc7eb5f768d84fd660e26c54e3631321408c52,
146,Đèn lồng tròn,den_chieu_sang,Đèn,den_long_tron,2,royal,Royal,,nho,Nhỏ,xuong_ca,Xương cá,nhuom,Nhuộm,images/146_den_long_tron_royal_nho_xuong_ca_nhuom.png,ai_generated,False,False,pending_artisan_review,1254,1254,5f67abb9e6370548ca8e7bf7dc60d899cbaebc7cb94bc98efeb56ed06ea30fa1,e52bd010ef2765eac19811d489a4e51af75da31a3f34d7f490b2d4f717b65905,
147,Đèn thả hình nón,den_chieu_sang,Đèn,den_tha_hinh_non,2,royal,Royal,,nho,Nhỏ,xuong_ca,Xương cá,son_mai,Sơn mài,images/147_den_tha_hinh_non_royal_nho_xuong_ca_son_mai.png,ai_generated,False,False,pending_artisan_review,1254,1254,00ac5054bfa4892ebe8c794fe10e43a7156a11b8ed23bed5757aa21c319f17f3,8534190741aebdee7f17f59bd0f95613d35eb9c68e71185640054cfd7a57dd49,
148,Đèn thả hình chuông,den_chieu_sang,Đèn,den_tha_hinh_chuong,2,royal,Royal,,nho,Nhỏ,mat_cao,Mắt cáo,tu_nhien,Tự nhiên,images/148_den_tha_hinh_chuong_royal_nho_mat_cao_tu_nhien.png,ai_generated,False,False,pending_artisan_review,1254,1254,0285ce144ec8a423bf6a2fb87f4572f0db082218206f2b688fffdbe823e570dd,2dd9eeda08d1647d40efe9266609eb819e3dd5ae5f24e684731c96d84c87449c,
149,Đèn thả hình trụ,den_chieu_sang,Đèn,den_tha_hinh_tru,2,royal,Royal,,nho,Nhỏ,mat_cao,Mắt cáo,nhuom,Nhuộm,images/149_den_tha_hinh_tru_royal_nho_mat_cao_nhuom.png,ai_generated,False,False,pending_artisan_review,1254,1254,490d873041ba1531f1dbef8084e79f04c2d60f3d4076538106e4cd714f6ee287,9e6b55271e0ef42cd0c865b66048ff92c54eaba3c2689b8ac9a33a0ea2f9b727,
150,Đèn bàn,den_chieu_sang,Đèn,den_ban,2,royal,Royal,,nho,Nhỏ,mat_cao,Mắt cáo,son_mai,Sơn mài,images/150_den_ban_royal_nho_mat_cao_son_mai.png,ai_generated,False,False,pending_artisan_review,1254,1254,b76e87795e3327a14f79dd6ffa677272cba1a4a5432006e85927e0d89617f6d8,f5809ade4fc96bade5a25f6672144293638847c12d49447b6d5a4b667935c48d,
151,Đèn sàn,den_chieu_sang,Đèn,den_san,2,royal,Royal,,nho,Nhỏ,nong,Nong,tu_nhien,Tự nhiên,images/151_den_san_royal_nho_nong_tu_nhien.png,ai_generated,False,False,pending_artisan_review,1254,1254,5cc78ad8c752ddf3ed0c6a2ead197f6ca86e5d1117de281932e9e851e91552c8,aebd1457be3a6c471061142b43d5fa5283da43ef69526c2c23716cea02c15eba,
152,Đèn tường,den_chieu_sang,Đèn,den_tuong,2,royal,Royal,,nho,Nhỏ,nong,Nong,nhuom,Nhuộm,images/152_den_tuong_royal_nho_nong_nhuom.png,ai_generated,False,False,pending_artisan_review,1254,1254,2adc8fb25f656499f262a59bfa7ecdeff8c9a1844411e1d3507ad82c09597416,2e7978e2ffc6803af1853fcc266224bb6eede0f1ea3bccda5191cf21bcea718e,
153,Đèn quả cầu,den_chieu_sang,Đèn,den_qua_cau,2,royal,Royal,,nho,Nhỏ,nong,Nong,son_mai,Sơn mài,images/153_den_qua_cau_royal_nho_nong_son_mai.png,ai_generated,False,False,pending_artisan_review,1254,1254,4112358e9107b41f7907fe3cd9feb4fdd3730283da2ddacad9589db38aa38943,4482eecccfa2f03489b499cc5842bb5d1fb2f3494e0285fd4a04fdefdf43690e,
154,Túi xách mây phối da,tui_phu_kien,Túi và phụ kiện,tui_mix_da,2,royal,Royal,,nho,Nhỏ,nan,Nan,tu_nhien,Tự nhiên,images/154_tui_mix_da_royal_nho_nan_tu_nhien.png,ai_generated,False,False,pending_artisan_review,1254,1254,8fbf4fbd8a71b8cb741c4ed263e8449f5c31cc7efe67907deec5749feef4b88a,2d474d554ec69bf9a7e076dd96ceeea8a1994286b4c020a3c6836128882e64ef,
155,Túi tròn,tui_phu_kien,Túi và phụ kiện,tui_tron,2,royal,Royal,,nho,Nhỏ,nan,Nan,nhuom,Nhuộm,images/155_tui_tron_royal_nho_nan_nhuom.png,ai_generated,False,False,pending_artisan_review,1254,1254,1e60cc70dab501bc1e679a860d09681dfff5703be61e57c4ece3a1d874eaaac8,db23cc200f5a5ffd392d199ccff14bbe20378277f151c5e8eae1ca10ef14148c,
156,Túi hộp,tui_phu_kien,Túi và phụ kiện,tui_hop,2,royal,Royal,,nho,Nhỏ,nan,Nan,son_mai,Sơn mài,images/156_tui_hop_royal_nho_nan_son_mai.png,ai_generated,False,False,pending_artisan_review,1254,1254,a8385a4f76feba03c7e54ac2616399a9cab4c40a41c0579b4ba58f49f4a186a9,92cb404242003a0eb5040f39ff9b187f88733ab3537e3cf04b69c08a5d83d978,
157,Túi bán nguyệt,tui_phu_kien,Túi và phụ kiện,tui_crescent,2,royal,Royal,,vua,Vừa,xuong_ca,Xương cá,tu_nhien,Tự nhiên,images/157_tui_crescent_royal_vua_xuong_ca_tu_nhien.png,ai_generated,False,False,pending_artisan_review,1254,1254,1eaf0fe0edb0795f8c2d2ed6752ace703c0bd25aa33a18a434e259e12ea4a89e,cc1edd5274e40bc44fc8f3db6b86d846332ef51b5dba56e318fd2345c659507d,
158,Túi tote,tui_phu_kien,Túi và phụ kiện,tui_tote,2,royal,Royal,,vua,Vừa,xuong_ca,Xương cá,nhuom,Nhuộm,images/158_tui_tote_royal_vua_xuong_ca_nhuom.png,ai_generated,False,False,pending_artisan_review,1254,1254,57dbc0759f0bcbd6ca9a22f5de3b6e934f9f280b792c1c2260b18ea143e5b83f,30b3f4c013e5ef2b3efa544869da946afbb7ada259961047b590d375c4fce8c8,
159,Túi du lịch,tui_phu_kien,Túi và phụ kiện,tui_du_lich,2,royal,Royal,,vua,Vừa,xuong_ca,Xương cá,son_mai,Sơn mài,images/159_tui_du_lich_royal_vua_xuong_ca_son_mai.png,ai_generated,False,False,pending_artisan_review,1254,1254,7d513cbfb94086e478c047d5fc41ceb90bc920b58058c35f9e8b276ca5c96b15,610ae21539047a4e99e3bde66821237ccf3567706935e78f98a4acefd988e6b4,
160,Ba lô,tui_phu_kien,Túi và phụ kiện,ba_lo,2,royal,Royal,,vua,Vừa,mat_cao,Mắt cáo,tu_nhien,Tự nhiên,images/160_ba_lo_royal_vua_mat_cao_tu_nhien.png,ai_generated,False,False,pending_artisan_review,1254,1254,2093e9047ad38c2072f6ed8cce273999333824f3c9de713dcbefc2e974625d0a,75f1350b62e1247e8d049a324b5d9de5d03e6b8977409bfdf9018fa143f5ced2,
161,Ví cầm tay,tui_phu_kien,Túi và phụ kiện,vi_cam_tay,2,royal,Royal,,vua,Vừa,mat_cao,Mắt cáo,nhuom,Nhuộm,images/161_vi_cam_tay_royal_vua_mat_cao_nhuom.png,ai_generated,False,False,pending_artisan_review,1254,1254,c33e325c264d9ae9643c6743894a834aecc38576815c429682bfcd9af8af3ef6,69e960091cbb42658570299f6297468029aa267dd42baf0e3e274198fefc1505,
162,Hộp kính,tui_phu_kien,Túi và phụ kiện,hop_kinh,2,royal,Royal,,vua,Vừa,mat_cao,Mắt cáo,son_mai,Sơn mài,images/162_hop_kinh_royal_vua_mat_cao_son_mai.png,ai_generated,False,False,pending_artisan_review,1254,1254,c67f9f57260872f0fca3ddae42aaf245490414f9588667e0d91a888140eabbc8,9a09697bd4aa56bbbc37656d348a8c1943fc5f5834fc7bc66a487adcdacf3613,
163,Khay phục vụ,bep_ban_an,Đồ bếp và bàn ăn,khay_phuc_vu,2,royal,Royal,,vua,Vừa,nong,Nong,tu_nhien,Tự nhiên,images/163_khay_phuc_vu_royal_vua_nong_tu_nhien.png,ai_generated,False,False,pending_artisan_review,1254,1254,a31d228b7acd1f1372a6b37f02c2fa9fad36c24aa4b8d4b5aabaf889ba41d386,496f351fe07adf755e296f2af2afe6de8bbe78386f457202632dfdb7af4b18f4,
164,Khay tròn,bep_ban_an,Đồ bếp và bàn ăn,khay_tron,2,royal,Royal,,vua,Vừa,nong,Nong,nhuom,Nhuộm,images/164_khay_tron_royal_vua_nong_nhuom.png,ai_generated,False,False,pending_artisan_review,1254,1254,9d000b18432ec76bd01550e23d6b7bbc97e3297eb5041dd90a1603cf8e346716,dbba5ee7713d43a0ceeee631e4ac747e9775f5bf1154012cb17588cf9dcb43a2,
165,Rổ bánh mì,bep_ban_an,Đồ bếp và bàn ăn,ro_banh_mi,2,royal,Royal,,vua,Vừa,nong,Nong,son_mai,Sơn mài,images/165_ro_banh_mi_royal_vua_nong_son_mai.png,ai_generated,False,False,pending_artisan_review,1254,1254,5ccb99e541b948f86ef4f91f51f616683061e8e61324abb2b683ad5f6479d9c0,ff749f5dcfebb24992106d4fba783d228718f020d89cc67af92726ae2b279902,
166,Rổ trái cây,bep_ban_an,Đồ bếp và bàn ăn,ro_trai_cay,2,royal,Royal,,vua,Vừa,nan,Nan,tu_nhien,Tự nhiên,images/166_ro_trai_cay_royal_vua_nan_tu_nhien.png,ai_generated,False,False,pending_artisan_review,1254,1254,bb9dacc04d9ae9b7cb56c05bfdeeeae30e0cdaa0b12e1d58a6d0fe7c8abf4763,baa5570f59788609698ee7f9dd652529b76984ecb743f7c4a42738bea90ceba5,
167,Lồng bàn,bep_ban_an,Đồ bếp và bàn ăn,long_ban,2,royal,Royal,,vua,Vừa,nan,Nan,nhuom,Nhuộm,images/167_long_ban_royal_vua_nan_nhuom.png,ai_generated,False,False,pending_artisan_review,1254,1254,8727258fcc6a7cbf4272bfbf24760b83acc80fe9de7a3b5c9e49a03f7d794b50,b633f8cf08b200d1d11aeb955be92b33c18911d0d1c6abcfd4fb228d7060b2a3,
168,Tấm lót đĩa,bep_ban_an,Đồ bếp và bàn ăn,lot_dia,2,royal,Royal,,vua,Vừa,nan,Nan,son_mai,Sơn mài,images/168_lot_dia_royal_vua_nan_son_mai.png,ai_generated,False,False,pending_artisan_review,1254,1254,f1d5bb0b7a5498f09e4edcd5212dad36ef4c2aa356efc742c76c4e5b3480eaa7,09e954de682b7b0fa5dc8c9a6df3a0a96e409f563bd3aebb75894279b64695f3,
169,Lót ly,bep_ban_an,Đồ bếp và bàn ăn,lot_ly,2,royal,Royal,,lon,Lớn,xuong_ca,Xương cá,tu_nhien,Tự nhiên,images/169_lot_ly_royal_lon_xuong_ca_tu_nhien.png,ai_generated,False,False,pending_artisan_review,1254,1254,c4a0076c4080c2c571cb5c2baba37d9967eee4b561b7ba2e567e2bbdd3b6f7e4,b70511b3f4c3789671dbb1de7213065675c15d17370872bfbc2f1017a0a53381,
170,Ống đựng đũa,bep_ban_an,Đồ bếp và bàn ăn,ong_dung_dua,2,royal,Royal,,lon,Lớn,xuong_ca,Xương cá,nhuom,Nhuộm,images/170_ong_dung_dua_royal_lon_xuong_ca_nhuom.png,ai_generated,False,False,pending_artisan_review,1254,1254,6db464734e6cdd8a865af5a1673dbcc1b8e65bc06319aae1e76d6f490cc02071,52b4edfb9134e49e16df15631c8c82afd9dd412a9f42f0a7a0cf70ee1e8df8b8,
171,Vỏ bình giữ nhiệt,bep_ban_an,Đồ bếp và bàn ăn,vo_binh_giu_nhiet,2,royal,Royal,,lon,Lớn,xuong_ca,Xương cá,son_mai,Sơn mài,images/171_vo_binh_giu_nhiet_royal_lon_xuong_ca_son_mai.png,ai_generated,False,False,pending_artisan_review,1254,1254,48e74c3b1f6b65897d32be6e67f08b61e3cc43fce12d1c49eb7d3d9aa69ebc84,a94e29c9a49cea08200624cde6ca19b3d8874ca4bcd22917e7d429584520fa1b,
172,Giỏ đi chợ,gio_ro,Giỏ và rổ,gio_di_cho,2,royal,Royal,,lon,Lớn,mat_cao,Mắt cáo,tu_nhien,Tự nhiên,images/172_gio_di_cho_royal_lon_mat_cao_tu_nhien.png,ai_generated,False,False,pending_artisan_review,1254,1254,29ae6c0bf655eae8d6483b9ecd9b4bc8a84a4fff2e9acf301da4f7ee13732a71,d3388df8ba35bd835e425ad412b4a44144f6e117c960748503f2a95fd66075a0,
173,Giỏ dã ngoại,gio_ro,Giỏ và rổ,gio_da_ngoai,2,royal,Royal,,lon,Lớn,mat_cao,Mắt cáo,nhuom,Nhuộm,images/173_gio_da_ngoai_royal_lon_mat_cao_nhuom.png,ai_generated,False,False,pending_artisan_review,1254,1254,8d987a196824a3647975145038b40fe9eaba430211d0c0f90466393063ce7245,5761ac3f1b4bc1172d3b864c468c346336c161626f6e3af14e594e54da7b6ff4,
174,Giỏ giặt đồ,gio_ro,Giỏ và rổ,gio_giat_do,2,royal,Royal,,lon,Lớn,mat_cao,Mắt cáo,son_mai,Sơn mài,images/174_gio_giat_do_royal_lon_mat_cao_son_mai.png,ai_generated,False,False,pending_artisan_review,1254,1254,b3492cc93e502c532a770ae90bd3cb241fe7d12481ffff50b7493694a5752bd3,423070aaea2ab1d850185c5e55d7e7e0a799d88369974acd18626a5ca6a2e98b,
175,Giỏ đồ chơi,gio_ro,Giỏ và rổ,gio_do_choi,2,royal,Royal,,lon,Lớn,nong,Nong,tu_nhien,Tự nhiên,images/175_gio_do_choi_royal_lon_nong_tu_nhien.png,ai_generated,False,False,pending_artisan_review,1254,1254,1e489895ba721f4cb8bed28729d00d6c8264ac5b72ddc604303f15878e8d62ac,74f7c5ee661cd8c121890bd23d331650d05bb96600f096708edf7c37b4468905,
176,Giỏ quà tặng,gio_ro,Giỏ và rổ,gio_qua_tang,2,royal,Royal,,lon,Lớn,nong,Nong,nhuom,Nhuộm,images/176_gio_qua_tang_royal_lon_nong_nhuom.png,ai_generated,False,False,pending_artisan_review,1254,1254,43428c3eccd884f7892ee4ce020c4c8b74ba9802328fe7d6cc2ae042532d677c,f9c538986698a28b52a674c3818fcebe3bc41b7903e79e46a3ca2cdf1156c834,
177,Giỏ hoa,gio_ro,Giỏ và rổ,gio_hoa,2,royal,Royal,,lon,Lớn,nong,Nong,son_mai,Sơn mài,images/177_gio_hoa_royal_lon_nong_son_mai.png,ai_generated,False,False,pending_artisan_review,1254,1254,fe20127dce7c619adacaa6fe9707700734e5582d6ede5cbf8c915dd8f7b85c36,8022649cdf26d4435d8936b8771d85f18c28d11757a23b671e70099a8dab8e71,
178,Giỏ treo tường,gio_ro,Giỏ và rổ,gio_treo_tuong,2,royal,Royal,,lon,Lớn,nan,Nan,tu_nhien,Tự nhiên,images/178_gio_treo_tuong_royal_lon_nan_tu_nhien.png,ai_generated,False,False,pending_artisan_review,1254,1254,c6e08b06ec42120e2aec4ca60d654b7897132be7cea6c426080dbd18c7bec465,4838481291e82c15b339e0a7c2854a26e0a2f5f1aad6a18e7d7188253d2795f6,
179,Giỏ xe đạp,gio_ro,Giỏ và rổ,gio_xe_dap,2,royal,Royal,,lon,Lớn,nan,Nan,nhuom,Nhuộm,images/179_gio_xe_dap_royal_lon_nan_nhuom.png,ai_generated,False,False,pending_artisan_review,1254,1254,fddde1baf4eb9d7266e0c000d7d59280a2536a5ed12ecdeb238e3f60e5e0bedc,0b7d0c48063cb8f52b4a09fe9049fde36a37e5af963681432fe37ac1edc6f922,
180,Rổ có quai,gio_ro,Giỏ và rổ,ro_co_quai,2,royal,Royal,,lon,Lớn,nan,Nan,son_mai,Sơn mài,images/180_ro_co_quai_royal_lon_nan_son_mai.png,ai_generated,False,False,pending_artisan_review,1254,1254,630305bbabb607091ac97025116efbd43c3e325dc15b585394413191173ddb05,332a592b4a9b0c1f0c7a1c77f880bf6c23d720472e6ba9d874e99abffa432afb,
181,Hộp bút,van_phong,Văn phòng,hop_but,2,rustic,Rustic,,nho,Nhỏ,xuong_ca,Xương cá,tu_nhien,Tự nhiên,images/181_hop_but_rustic_nho_xuong_ca_tu_nhien.png,ai_generated,False,False,pending_artisan_review,1254,1254,12d12ddefe32a43324d42d78d80d5a6b7157c85d79edcbaaa42455c9a9759271,28fca1cb32a70678dcc28169636f1c77b8dcb8e626b5ad336b80cfdce2e79999,
182,Khay tài liệu,van_phong,Văn phòng,khay_tai_lieu,2,rustic,Rustic,,nho,Nhỏ,xuong_ca,Xương cá,nhuom,Nhuộm,images/182_khay_tai_lieu_rustic_nho_xuong_ca_nhuom.png,ai_generated,False,False,pending_artisan_review,1254,1254,00c3b4160106a33086c4406e01e2f27d6a235924089f517fba58ccb30fcc7834,39cfd456d9fe09c1b2050fc39b9dbf48cca40e102f2ccaf6ca4c7d5b285333d6,
183,Kệ tạp chí,van_phong,Văn phòng,ke_tap_chi,2,rustic,Rustic,,nho,Nhỏ,xuong_ca,Xương cá,son_mai,Sơn mài,images/183_ke_tap_chi_rustic_nho_xuong_ca_son_mai.png,ai_generated,False,False,pending_artisan_review,1254,1254,39d7f8a14eb63690f67d426d0670b2436cfff21e5617bc5eb45d959a3c4aebaf,f3ad6bd275b82083506d722bf4850e426994d74e7c2e319799164e138204e7fa,
184,Hộp danh thiếp,van_phong,Văn phòng,hop_namecard,2,rustic,Rustic,,nho,Nhỏ,mat_cao,Mắt cáo,tu_nhien,Tự nhiên,images/184_hop_namecard_rustic_nho_mat_cao_tu_nhien.png,ai_generated,False,False,pending_artisan_review,1254,1254,a67366d4289c2e427064ae51b84f0ed1e6f1b67f41a471ebe8876848ed98761c,bf1a9daa52d4273a4dc4d538c31dc1b322217a37a496e3c0516224c447dc2bc1,
185,Giá điện thoại,van_phong,Văn phòng,gia_dien_thoai,2,rustic,Rustic,,nho,Nhỏ,mat_cao,Mắt cáo,nhuom,Nhuộm,images/185_gia_dien_thoai_rustic_nho_mat_cao_nhuom.png,ai_generated,False,False,pending_artisan_review,1254,1254,48cc5530058ea6003972706c0a1c0ae6a3a2657c754d775e4666f7338b674f05,c8949af9b5f5deaf39a6d089f69f41b158d7e731ecd8ed6a0a1a6410d112c763,
186,Giá sách để bàn,van_phong,Văn phòng,gia_sach,2,rustic,Rustic,,nho,Nhỏ,mat_cao,Mắt cáo,son_mai,Sơn mài,images/186_gia_sach_rustic_nho_mat_cao_son_mai.png,ai_generated,False,False,pending_artisan_review,1254,1254,1b32c66eff1d48ac909ab2f7c4b873886dd64f0cab96b04ea6a76c76df430c45,f6eabf280ee114c29202741f689f8cbb50e62967272692d9b86745bb82fb5ec7,
187,Hộp khăn giấy,van_phong,Văn phòng,hop_khan_giay,2,rustic,Rustic,,nho,Nhỏ,nong,Nong,tu_nhien,Tự nhiên,images/187_hop_khan_giay_rustic_nho_nong_tu_nhien.png,ai_generated,False,False,pending_artisan_review,1254,1254,5af414ea64e813216f750cfa8ce2c15f35ea134322b4d4eb63d8d36a8ffdb3bc,1d66841d69ae9d3b8b95392d254070893aa174e7454a9ed165f7fcb934f4d25b,
188,Thùng rác,van_phong,Văn phòng,thung_rac,2,rustic,Rustic,,nho,Nhỏ,nong,Nong,nhuom,Nhuộm,images/188_thung_rac_rustic_nho_nong_nhuom.png,ai_generated,False,False,pending_artisan_review,1254,1254,7da8a309e4c0c53bc2890c4812b1427f32a7e887d7f4f83a5a790c2c5b6efd34,412cddcb2aac5420352438649a5d5ef6c6323688acbdc140ca0222e5a103fe04,
189,Khay chia ô,van_phong,Văn phòng,khay_chia_o,2,rustic,Rustic,,nho,Nhỏ,nong,Nong,son_mai,Sơn mài,images/189_khay_chia_o_rustic_nho_nong_son_mai.png,ai_generated,False,False,pending_artisan_review,1254,1254,84ba2131f64423acdf2004e8ddb265cebc59249370ce4a0572037c1c08a3b9a1,fd599bb31d69883c02f3e9d4d7fb4a9a7a79893204bf44b83a0765ea66b01d42,
190,Vỏ chậu cây,vuon_khong_gian,Sân vườn và không gian,vo_chau_cay,2,rustic,Rustic,,nho,Nhỏ,nan,Nan,tu_nhien,Tự nhiên,images/190_vo_chau_cay_rustic_nho_nan_tu_nhien.png,ai_generated,False,False,pending_artisan_review,1254,1254,d301d1a6d32b47461dcf13fa8f8b862a8bec19a7db6ffe54c89a0f23e4712679,8305dc59be168f8fa71f12aa214b44e11ff6bf89266ea27d36f1e799b71cf0cb,
191,Giỏ treo cây,vuon_khong_gian,Sân vườn và không gian,gio_treo_cay,2,rustic,Rustic,,nho,Nhỏ,nan,Nan,nhuom,Nhuộm,images/191_gio_treo_cay_rustic_nho_nan_nhuom.png,ai_generated,False,False,pending_artisan_review,1254,1254,59fa6eb6dd75ffac21944ef2481415ee5d54b1892575b2db13805a9dc031b7ea,089a5c538564d2eda0f8ff165443e84d447c8a7e32d80c73650bfbcd5a1934a7,
192,Kệ chậu cây,vuon_khong_gian,Sân vườn và không gian,ke_chau_cay,2,rustic,Rustic,,nho,Nhỏ,nan,Nan,son_mai,Sơn mài,images/192_ke_chau_cay_rustic_nho_nan_son_mai.png,ai_generated,False,False,pending_artisan_review,1254,1254,4a49846bff73fbb304de0b29938a48d587883a30aeebaee1e0b6a490d9f75f68,cde3aebf5b363ed21b07c48d51311ec0e076774af61cacb779e46de311bb2226,
193,Giá leo cây,vuon_khong_gian,Sân vườn và không gian,gia_leo_cay,2,rustic,Rustic,,vua,Vừa,xuong_ca,Xương cá,tu_nhien,Tự nhiên,images/193_gia_leo_cay_rustic_vua_xuong_ca_tu_nhien.png,ai_generated,False,False,pending_artisan_review,1254,1254,a5c925a57c287dc096982018224af463a8706542f995d7472b736552c4e5bc27,1b995396d0b6ed1eb66f97dd63b1f8d704b9d31b81199a5a3db02cdda8bc67ef,
194,Bình phong,vuon_khong_gian,Sân vườn và không gian,binh_phong,2,rustic,Rustic,,vua,Vừa,xuong_ca,Xương cá,nhuom,Nhuộm,images/194_binh_phong_rustic_vua_xuong_ca_nhuom.png,ai_generated,False,False,pending_artisan_review,1254,1254,d21b5a1d3549de225237160a65d8097ddbca24d81be99dd00f5bcbc33cdceccf,e2080d55a4f860adbba5e89891c8c70b6bb5d209eae632dc11cd1dfea8832c9f,
195,Rèm cửa,vuon_khong_gian,Sân vườn và không gian,rem_cua,2,rustic,Rustic,,vua,Vừa,xuong_ca,Xương cá,son_mai,Sơn mài,images/195_rem_cua_rustic_vua_xuong_ca_son_mai.png,ai_generated,False,False,pending_artisan_review,1254,1254,664895d1c70fd8a6c105f07632937ab4bc40919ba089196deaffa21c2f0b388f,525b2b5f087a8e0b6810cba51bcd1e8941cb739ba8754251e9bfb63f134e75d7,
196,Tấm ốp tường,vuon_khong_gian,Sân vườn và không gian,tam_op_tuong,2,rustic,Rustic,,vua,Vừa,mat_cao,Mắt cáo,tu_nhien,Tự nhiên,images/196_tam_op_tuong_rustic_vua_mat_cao_tu_nhien.png,ai_generated,False,False,pending_artisan_review,1254,1254,ac78dd49cf7c48ea5bfc068c395f88f91b7266b3cf6a0bfed853bb44f0809e51,b32e9170984adaf5dbcf67138bc0acb746b302e2f27768f1b779db33a7824198,
197,Cổng vòm trang trí,vuon_khong_gian,Sân vườn và không gian,cong_vom_trang_tri,2,rustic,Rustic,,vua,Vừa,mat_cao,Mắt cáo,nhuom,Nhuộm,images/197_cong_vom_trang_tri_rustic_vua_mat_cao_nhuom.png,ai_generated,False,False,pending_artisan_review,1254,1254,de633556027d0428167e92168693af8fe4d82760747f5452389e2a496f1b8499,7a4ecc9a122032a50260c32203896a14217f5bd87f2bb88a17bceda9e261ab97,
198,Chuông gió,vuon_khong_gian,Sân vườn và không gian,chuong_gio,2,rustic,Rustic,,vua,Vừa,mat_cao,Mắt cáo,son_mai,Sơn mài,images/198_chuong_gio_rustic_vua_mat_cao_son_mai.png,ai_generated,False,False,pending_artisan_review,1254,1254,39e7b026d2d06d701fa7f84f24066b0f9f706f4cbc4fbc95fa3cb35cb6f409ab,626b38644a4584f1a568f3099e5fe965210ba493068ffb0ad560b6b1e7c1c38e,
199,Đầu giường,phong_ngu_phong_tam,Phòng ngủ và phòng tắm,dau_giuong,2,rustic,Rustic,,vua,Vừa,nong,Nong,tu_nhien,Tự nhiên,images/199_dau_giuong_rustic_vua_nong_tu_nhien.png,ai_generated,False,False,pending_artisan_review,1254,1254,4c16cdd07acb0160cdba96a0a88acaa987facc58ca78ccafcdc8ea13d71404b2,f3d68171e6ed3c98354ba1a7e3e2d09dc5b55e74aa84d46fb0d9226ce0fec017,
200,Tấm trang trí chân giường,phong_ngu_phong_tam,Phòng ngủ và phòng tắm,chan_giuong_trang_tri,2,rustic,Rustic,,vua,Vừa,nong,Nong,nhuom,Nhuộm,images/200_chan_giuong_trang_tri_rustic_vua_nong_nhuom.png,ai_generated,False,False,pending_artisan_review,1254,1254,3c7dde9cdaa1221920acb93c800104eeea20b6b951e4621ba0709994c3a5115a,24a116ed9da4082dba1fc8daf1c2afd8b5ccaf3fc6d24eb507c5e0bf284fbf47,
201,Khay bồn tắm,phong_ngu_phong_tam,Phòng ngủ và phòng tắm,khay_bon_tam,2,rustic,Rustic,,vua,Vừa,nong,Nong,son_mai,Sơn mài,images/201_khay_bon_tam_rustic_vua_nong_son_mai.png,ai_generated,False,False,pending_artisan_review,1254,1254,5b4068dcdab3027c95c200ac397464ab59badb7c356c6fa49913a4002fc82e39,6453d7d6e6749247d6019540d5403ccac4f8607912c98a019907fb4180c76467,
202,Giỏ khăn,phong_ngu_phong_tam,Phòng ngủ và phòng tắm,gio_khan,2,rustic,Rustic,,vua,Vừa,nan,Nan,tu_nhien,Tự nhiên,images/202_gio_khan_rustic_vua_nan_tu_nhien.png,ai_generated,False,False,pending_artisan_review,1254,1254,b50b725d1a1f101add84f544bcce92b86125ad96a1449959814d46ddd41521af,d0146156cf697101a1d1ac799f532f09e2bd2d3407f5c7d3bdb4d65764263f2e,
203,Giỏ đựng giấy vệ sinh,phong_ngu_phong_tam,Phòng ngủ và phòng tắm,gio_dung_giay_ve_sinh,2,rustic,Rustic,,vua,Vừa,nan,Nan,nhuom,Nhuộm,images/203_gio_dung_giay_ve_sinh_rustic_vua_nan_nhuom.png,ai_generated,False,False,pending_artisan_review,1254,1254,51e331c572af061a80280634b94505a4869f9e56b757d23bb640a33c60c616c3,b6846995dc568838c83ff13ae8240da960c80db25a8412b3aa294d17ea1d18dc,
204,Giá treo khăn,phong_ngu_phong_tam,Phòng ngủ và phòng tắm,gia_treo_khan,2,rustic,Rustic,,vua,Vừa,nan,Nan,son_mai,Sơn mài,images/204_gia_treo_khan_rustic_vua_nan_son_mai.png,ai_generated,False,False,pending_artisan_review,1254,1254,588007c8f15daaadc935c1947183fd874cf6521d029d41629b6e6e5a4a33777f,c343f9a513bb92655aeb482cb8237a7d4c80f928a5d7dada90c47dc24ed8e752,
205,Hộp đựng xà phòng,phong_ngu_phong_tam,Phòng ngủ và phòng tắm,hop_dung_xa_phong,2,rustic,Rustic,,lon,Lớn,xuong_ca,Xương cá,tu_nhien,Tự nhiên,images/205_hop_dung_xa_phong_rustic_lon_xuong_ca_tu_nhien.png,ai_generated,False,False,pending_artisan_review,1254,1254,19d86cd04583cfc0a3b5dc8120ea643ca613fd0d3ac2d37154010db9e91a2ae8,f456661da7e44e5d6569eb88306268b79029119962e733fc95451ebbe6e9d659,
206,Rổ lưu trữ dưới giường,phong_ngu_phong_tam,Phòng ngủ và phòng tắm,ro_luu_tru_duoi_giuong,2,rustic,Rustic,,lon,Lớn,xuong_ca,Xương cá,nhuom,Nhuộm,images/206_ro_luu_tru_duoi_giuong_rustic_lon_xuong_ca_nhuom.png,ai_generated,False,False,pending_artisan_review,1254,1254,29ba6afc968aa029a9a1d39e490b15deeb0afefdb30a1d943da5ce0e041ae140,f37daf48414512bbf005ad95f446c5383405588bab2bfe561cb554e22daf7aeb,
207,Hộp đồ may vá,phong_ngu_phong_tam,Phòng ngủ và phòng tắm,hop_do_may_va,2,rustic,Rustic,,lon,Lớn,xuong_ca,Xương cá,son_mai,Sơn mài,images/207_hop_do_may_va_rustic_lon_xuong_ca_son_mai.png,ai_generated,False,False,pending_artisan_review,1254,1254,b34640b17c11ddc6f99263f30eeebac7a841e48daaf8cfccec575702212a38cd,22372b39aa9226d8808078a9512d51e5717e2fa71ff495de9a2e15b8cbfa936c,
208,Giường mèo,thu_cung_giai_tri,Thú cưng và giải trí,giuong_meo,2,rustic,Rustic,,lon,Lớn,mat_cao,Mắt cáo,tu_nhien,Tự nhiên,images/208_giuong_meo_rustic_lon_mat_cao_tu_nhien.png,ai_generated,False,False,pending_artisan_review,1254,1254,a5a59304e737e4bba17b5c8b9b89054728bbc91de57f26fb9f16721ba7d11782,cdae5dc99f1eb97603aa9f713313d57c647c78a2f0c0c018110bad6607108b04,
209,Nhà mèo,thu_cung_giai_tri,Thú cưng và giải trí,nha_meo,2,rustic,Rustic,,lon,Lớn,mat_cao,Mắt cáo,nhuom,Nhuộm,images/209_nha_meo_rustic_lon_mat_cao_nhuom.png,ai_generated,False,False,pending_artisan_review,1254,1254,d073ee62a1252ec3f1d250761d85ed141da1a4f7d54b55a4f769571524f390f9,68b675a0667835fbe210f08f6133b6931a4fc640ec90f5224a89c92a01cebd79,
210,Giỏ vận chuyển thú cưng,thu_cung_giai_tri,Thú cưng và giải trí,long_van_chuyen,2,rustic,Rustic,,lon,Lớn,mat_cao,Mắt cáo,son_mai,Sơn mài,images/210_long_van_chuyen_rustic_lon_mat_cao_son_mai.png,ai_generated,False,False,pending_artisan_review,1254,1254,a26aa5f0ca151f2c010436740a3cce0389af8fac200a7a3f322bcfc49575dff6,03adb5f0b89ef9014e53468d9afc5a17f76cb12ffd98c61e0896eff4b7a90f42,
211,Giỏ đồ chơi thú cưng,thu_cung_giai_tri,Thú cưng và giải trí,gio_do_choi_thu_cung,2,rustic,Rustic,,lon,Lớn,nong,Nong,tu_nhien,Tự nhiên,images/211_gio_do_choi_thu_cung_rustic_lon_nong_tu_nhien.png,ai_generated,False,False,pending_artisan_review,1254,1254,544785c5683e3d661fa7fef6a0f62fa03fc3527b82c6fa9bb6013f075c38b040,887da803d681e143a396c24e5226317f89b4598ffdfcfa9634c9835e24073d4a,
212,Quả cầu trang trí,thu_cung_giai_tri,Thú cưng và giải trí,qua_cau_trang_tri,2,rustic,Rustic,,lon,Lớn,nong,Nong,nhuom,Nhuộm,images/212_qua_cau_trang_tri_rustic_lon_nong_nhuom.png,ai_generated,False,False,pending_artisan_review,1254,1254,9a49782c466df46e52861d874971094e8f3450b29e3d7c09bf828376dd92c7c5,c61199d8b2b76eac07d7a38eb42f22bea49cd7c39a35a14c901f1fb1bdfa586f,
213,Quạt tay,thu_cung_giai_tri,Thú cưng và giải trí,quat_tay,2,rustic,Rustic,,lon,Lớn,nong,Nong,son_mai,Sơn mài,images/213_quat_tay_rustic_lon_nong_son_mai.png,ai_generated,False,False,pending_artisan_review,1254,1254,2dd8e51741651a61fce189036e800aa836592143a4a3c000a3b53b44e242115a,d1b5f876b1463be83e4426ef48d5f0f0bb36eef74df843eb0c31a990bed73e32,
214,Mũ tre,thu_cung_giai_tri,Thú cưng và giải trí,mu_tre,2,rustic,Rustic,,lon,Lớn,nan,Nan,tu_nhien,Tự nhiên,images/214_mu_tre_rustic_lon_nan_tu_nhien.png,ai_generated,False,False,pending_artisan_review,1254,1254,276cbd257e4d44fd647f46e0c26e52bf51f8d96aa857a6cb5183de411b1d1c04,0c5197a4b37e6ad83d9a1ad036ef909263deb476ad049a7d02a9ba9753715530,
215,Hộp cờ bàn,thu_cung_giai_tri,Thú cưng và giải trí,hop_co_ban,2,rustic,Rustic,,lon,Lớn,nan,Nan,nhuom,Nhuộm,images/215_hop_co_ban_rustic_lon_nan_nhuom.png,ai_generated,False,False,pending_artisan_review,1254,1254,fe0bc61d5f1829996ce98098e5e3389569f229851d81261a167cc98e891a6ea1,5a648f93b46d8beadcc0b4ef3d81ec13e42a89f13cc35b2e67de161a23c83c40,
216,Khay ấm trà,thu_cung_giai_tri,Thú cưng và giải trí,khay_am_tra,2,rustic,Rustic,,lon,Lớn,nan,Nan,son_mai,Sơn mài,images/216_khay_am_tra_rustic_lon_nan_son_mai.png,ai_generated,False,False,pending_artisan_review,1254,1254,308c2188df005297218d0944a72914bc16e4b4a252869e3c4fd8b0c91cc04f77,4733b661d167083f877af362540092906752a3ebedff618705abfc1e4612f762,
217,Ghế lưới tổ chim kiểu Nhật,ghe_noi_that,Ghế,ghe_to_chim,3,zen,Zen,Wabi-sabi,lon,Lớn,mat_cao,Mắt cáo,tu_nhien,Tự nhiên,images/217_ghe_to_chim_zen_lon_mat_cao_tu_nhien.png,ai_generated,False,False,pending_artisan_review,1254,1254,57e9c55b3f409213e9e9de83daf9c82d846e28b7fdf543880b9d7ebb6f51aa66,f574457122f1ca9c5e9f821c05ceae2a14ad17a37aab8a8ad5abb4ebdbbf022c,
218,Đèn chùm hoa sen,den_chieu_sang,Đèn,den_chum_hoa_sen,3,boho,Boho,Bohemian,vua,Vừa,nong,Nong,tu_nhien,Tự nhiên,images/218_den_chum_hoa_sen_boho_vua_nong_tu_nhien.png,ai_generated,False,False,pending_artisan_review,1254,1254,bad849bde51eedab4a22e0c40a3f2c92384d8dcac63755e23926e5ba3dc6e61e,6d795fdc8f22782f65b40d59d17d161861fde8d85bdc063394f59ce1fdd91bc3,
219,Túi xách mây phối da,tui_phu_kien,Túi và phụ kiện,tui_mix_da,3,sang_trong,Sang trọng,Sang trọng,vua,Vừa,nong,Nong,nhuom,Nhuộm,images/219_tui_mix_da_sang_trong_vua_nong_nhuom.png,ai_generated,False,False,pending_artisan_review,1254,1254,487d9e996685c69d4fa0adc80098ff77cf7dcd9193da461880bdeb01035199a8,9e763e1aa3ab92cece6f47e09522cbc23e1786466b72825da4be6491351cb7cc,
220,Xích đu ngoài trời,ghe_noi_that,Ghế,xich_du,3,modern,Modern,Modern,lon,Lớn,nan,Nan,nhuom,Nhuộm,images/220_xich_du_modern_lon_nan_nhuom.png,ai_generated,False,False,pending_artisan_review,1254,1254,697823bc526e45db01f507e48d9321978f0a1c3daaf702b643a74bc152f350fe,cdd5155a425536d8602eb8faede33c1ad3ef55e20a75cbeb2f3e5951bf4ceed7,
221,Gương mặt trời tia nắng,trang_tri,Trang trí,guong_mat_troi,3,boho,Boho,Boho,nho,Nhỏ,xuong_ca,Xương cá,tu_nhien,Tự nhiên,images/221_guong_mat_troi_boho_nho_xuong_ca_tu_nhien.png,ai_generated,False,False,pending_artisan_review,1254,1254,50fec525d45b6efb87308f6405e189313663dfd38ef75c7e1ff87f2fb0e4993d,e5747d3aae9ec25119d45630677ca1f9fada383855549735d4e5b58277987003,
222,Bàn trà truyền thống Á Đông,ban_ke,Bàn và kệ,ban_tra_a_dong,3,zen,Zen,Zen,vua,Vừa,xuong_ca,Xương cá,tu_nhien,Tự nhiên,images/222_ban_tra_a_dong_zen_vua_xuong_ca_tu_nhien.png,ai_generated,False,False,pending_artisan_review,1254,1254,86a946cba2c8f9dad07c4cbfd362725e4de707db11d66ce3a3581620481300d9,700fa1bb2bb64b7e62e7e9827e4788376c265e70c848d09411e12f5698d6f936,
223,Hộp trà chia ngăn,ban_an_phuc_vu,Phục vụ bàn ăn,hop_tra_ngan,1,boho,Boho,,nho,Nhỏ,xuong_ca,Xương cá,tu_nhien,Tự nhiên,images/223_hop_tra_ngan_boho_nho_xuong_ca_tu_nhien.png,ai_generated,False,False,pending_artisan_review,1254,1254,5b310792ec1bda1dfa0b22a0ba717cbebced69c81d62248bf89cbaa5b4125600,ad993628d7e2dca130b80724c076e9c927d8bbc41ee4ae0084a7fe10378f3ec6,"rectangular tea storage chest with six empty partitioned compartments, woven exterior, hinged flat lid and plain tiny brass latch"
224,Giá đựng chai rượu,ban_an_phuc_vu,Phục vụ bàn ăn,gia_dung_chai_ruou,1,zen,Zen,,nho,Nhỏ,xuong_ca,Xương cá,nhuom,Nhuộm,images/224_gia_dung_chai_ruou_zen_nho_xuong_ca_nhuom.png,ai_generated,False,False,pending_artisan_review,1254,1254,882354dfecdbbb974851f4d8d8db17f571ad78cc3b8f3919f0d132c861fcbc43,ba4f1cb7c46bb11e356cd7445b4c5fdd75da8150e67e97dfa44a1bfb570e6829,"freestanding six-slot wine bottle rack with rigid bent bamboo rings and woven side panels, all bottle slots empty"
225,Giỏ đựng gia vị,ban_an_phuc_vu,Phục vụ bàn ăn,gio_dung_gia_vi,1,royal,Royal,,nho,Nhỏ,xuong_ca,Xương cá,son_mai,Sơn mài,images/225_gio_dung_gia_vi_royal_nho_xuong_ca_son_mai.png,ai_generated,False,False,pending_artisan_review,1254,1254,ee502cf05c93969227fa0e6d912759d2d39516e4f96c4045ee3647f7bc4520b0,1c21a3f3b08e067d49563ddab3e4393393056ab89d1200210214051cec704a2c,tabletop spice caddy with four empty fitted upright compartments and one tall central carry handle
226,Khay bánh hai tầng,ban_an_phuc_vu,Phục vụ bàn ăn,khay_banh_hai_tang,1,boho,Boho,,nho,Nhỏ,mat_cao,Mắt cáo,tu_nhien,Tự nhiên,images/226_khay_banh_hai_tang_boho_nho_mat_cao_tu_nhien.png,ai_generated,False,False,pending_artisan_review,1254,1254,b5b180c8036b905f52877740f8fb2516b3a9360646ba510de0ceaaa978181d2c,530b27679982003fd46db0b86346a942d8960f3a4ee8e22812af3074737e38d5,"two-tier serving stand, two woven circular trays on a single turned wooden central post, washable clear tray liners, no food"
227,Khay chia đồ ăn,ban_an_phuc_vu,Phục vụ bàn ăn,khay_chia_do_an,1,zen,Zen,,nho,Nhỏ,mat_cao,Mắt cáo,nhuom,Nhuộm,images/227_khay_chia_do_an_zen_nho_mat_cao_nhuom.png,ai_generated,False,False,pending_artisan_review,1254,1254,4ff10815a3727109b8e04f35c97b2d62fcca66cba0d41713861737511d54506e,9e44f26775d0be826dd55e1388da46691440863d18c4547971c22219ddf2fef4,"round divided serving platter with five curved compartments and a removable plain ceramic food liner, empty"
228,Hộp đựng dao nĩa,ban_an_phuc_vu,Phục vụ bàn ăn,hop_dung_dao_nia,1,royal,Royal,,nho,Nhỏ,mat_cao,Mắt cáo,son_mai,Sơn mài,images/228_hop_dung_dao_nia_royal_nho_mat_cao_son_mai.png,ai_generated,False,False,pending_artisan_review,1254,1254,310f77fb56ace6b2a6b46d8bca249b1b1afaadc3b9e625f8a780480806ec8bb1,5ed8ea48f66b9c1b8ea28fd6b7cadfa4bd3de1d49588cf95f994d58017c72c6c,"rectangular cutlery storage box with four long separated channels and a flat fitted lid, no cutlery"
229,Giá khăn ăn,ban_an_phuc_vu,Phục vụ bàn ăn,gia_khan_an,1,boho,Boho,,nho,Nhỏ,nong,Nong,tu_nhien,Tự nhiên,images/229_gia_khan_an_boho_nho_nong_tu_nhien.png,ai_generated,False,False,pending_artisan_review,1254,1254,b66b11d1f792482eb4eb23e3d02add1ed02f60524ecee23086643fb99d131fd3,c78596db86c975c22bef565a88664b681d2c386997204bab4ac87c2b5385c692,"upright table napkin holder with two low curved woven side walls and a solid narrow base, no napkins"
230,Vòng khăn ăn,ban_an_phuc_vu,Phục vụ bàn ăn,vong_khan_an,1,zen,Zen,,nho,Nhỏ,nong,Nong,nhuom,Nhuộm,images/230_vong_khan_an_zen_nho_nong_nhuom.png,ai_generated,False,False,pending_artisan_review,1254,1254,25ee0bd9364664ab1ef1dd12101fe993a31a6c6b67051c2d17bb1183a83c1e85,bf29cbe88e037d9c5b634b755b7364553acd6eac6c1ce910f66e29337584b17b,"single broad napkin ring made from a tightly bound bamboo hoop with a clearly visible woven wrap, no cloth"
231,Khay để bình nước,ban_an_phuc_vu,Phục vụ bàn ăn,khay_de_binh_nuoc,1,modern,Modern,,nho,Nhỏ,nong,Nong,son_mai,Sơn mài,images/231_khay_de_binh_nuoc_modern_nho_nong_son_mai.png,ai_generated,False,False,pending_artisan_review,1254,1254,a3846fe782f5371d245ef7a062598c6fb510541103b616cc32633e7c964f5e50,953dd7197090c74fedcef4857ba8c74236693aaf08e0fe47cdacab725d19cb8b,"long drink-carafe tray with three shallow circular recesses, woven surround and two raised end handles, no vessels"
232,Giỏ đựng trứng,ban_an_phuc_vu,Phục vụ bàn ăn,gio_dung_trung,1,rustic,Rustic,,nho,Nhỏ,mat_cao,Mắt cáo,son_mai,Sơn mài,images/232_gio_dung_trung_rustic_nho_mat_cao_son_mai.png,ai_generated,False,False,pending_artisan_review,1254,1254,a066e518613135108a38616dc9e60879d46d0e8a084b36e1f004a247346061b1,037675a27dea2329033ea344c21673ed9b148bd0d8ccb7f5386fad3a208d32cb,"oval handled egg collecting basket with twelve empty padded cup-shaped internal nests, no eggs"
233,Hộp bánh có nắp,ban_an_phuc_vu,Phục vụ bàn ăn,hop_banh_co_nap,1,sang_trong,Sang trọng,,lon,Lớn,nong,Nong,nhuom,Nhuộm,images/233_hop_banh_co_nap_sang_trong_lon_nong_nhuom.png,ai_generated,False,False,pending_artisan_review,1254,1254,782b9c7bb64e5411ab69c17571956b66f17a1facbf4e68fe477c0dee17642074,e0eb3a29f7b04e5bb0a4342e1891fbf0bcfbdb2b0503918a2a143e7e0669dedb,"cylindrical cake carrier with a lift-off tall dome lid raised slightly to reveal a blank ceramic base, no cake"
234,Giá đựng tách,ban_an_phuc_vu,Phục vụ bàn ăn,gia_dung_tach,1,rustic,Rustic,,lon,Lớn,xuong_ca,Xương cá,nhuom,Nhuộm,images/234_gia_dung_tach_rustic_lon_xuong_ca_nhuom.png,ai_generated,False,False,pending_artisan_review,1254,1254,856d548356d851a0ae097229a48e272d839ebc4eff3fedfd7eb1593579691739,1ef1091cfd526e4794691df0d7c0b32f29fda47c04163075db775ec8971dbe63,"countertop mug tree with six short bamboo pegs on a central column and a broad woven circular base, no mugs"
235,Ghế quầy bar,ghe_bang_chuyen_dung,Ghế và băng chuyên dụng,ghe_quay_bar,1,rustic,Rustic,,lon,Lớn,nan,Nan,nhuom,Nhuộm,images/235_ghe_quay_bar_rustic_lon_nan_nhuom.png,ai_generated,False,False,pending_artisan_review,1254,1254,ab426f4d4b94a2ab1fe6bb7a2a3b726f16a4fb255c4fb63f052b4bc1c8530cd3,b406029bbf07d5df5e0db0ffda5df61f54228a73f0bd18f5976bd9d5120cfa0c,"tall bar stool with a small curved woven backrest, broad woven seat, four solid bamboo legs and a complete footrest ring"
236,Ghế gấp,ghe_bang_chuyen_dung,Ghế và băng chuyên dụng,ghe_gap,1,royal,Royal,,lon,Lớn,xuong_ca,Xương cá,nhuom,Nhuộm,images/236_ghe_gap_royal_lon_xuong_ca_nhuom.png,ai_generated,False,False,pending_artisan_review,1254,1254,dcf273674db213509ca1c253e20cd2e80fd22d69c5e6e5368d0d2a1269193d17,098dd13139fe8eda8b7d40fb90c42d06f4e9c12c370cc5e3023da1ee204f5a41,"folding side chair shown open with hinged sturdy wood frame, woven seat and back panels and visible plain metal pivot pins"
237,Ghế chaise longue,ghe_bang_chuyen_dung,Ghế và băng chuyên dụng,ghe_chaise_longue,1,zen,Zen,,nho,Nhỏ,mat_cao,Mắt cáo,tu_nhien,Tự nhiên,images/237_ghe_chaise_longue_zen_nho_mat_cao_tu_nhien.png,ai_generated,False,False,pending_artisan_review,1254,1254,43b3ce7cea8b393766d8ddd75c31dac79b7bd6c7b51714658f43cd373a5644e8,7aa2fe01d6bfe3bc1925ef339e6b8f854e10aeeb553da5660fdc526e6946bccb,"elongated lounge chaise with reclined back flowing into a continuous woven seat, solid braced bamboo underframe and low arms"
238,Ghế bán nguyệt,ghe_bang_chuyen_dung,Ghế và băng chuyên dụng,ghe_ban_nguyet,1,sang_trong,Sang trọng,,nho,Nhỏ,nan,Nan,son_mai,Sơn mài,images/238_ghe_ban_nguyet_sang_trong_nho_nan_son_mai.png,ai_generated,False,False,pending_artisan_review,1254,1254,b487787bfea2b3b9b073ad3eb2ca12e8d374dbc1a67288d897609c0598b9a05e,916235713d7a5b9e481f9608af2c6c9d2ea89aa888190b4bd2f72acefe2fc706,"semicircular accent chair with wraparound curved woven back, a thick plain linen seat pad and four short braced legs"
239,Băng ghế cuối giường,ghe_bang_chuyen_dung,Ghế và băng chuyên dụng,ghe_dau_giuong_dai,1,boho,Boho,,lon,Lớn,mat_cao,Mắt cáo,nhuom,Nhuộm,images/239_ghe_dau_giuong_dai_boho_lon_mat_cao_nhuom.png,ai_generated,False,False,pending_artisan_review,1254,1254,32afc968ac6a9021f8ab0cbf4a42e0cd8bcebbe103f5ad4a491225aa01f0ae8e,3d42a2c8c17465be6ca65efb2b105bc99f0c41050deb8d9b559bd074f41e3247,"long narrow upholstered bench with woven end panels, one plain linen cushion and a low sturdy bamboo stretcher frame"
240,Ghế băng góc,ghe_bang_chuyen_dung,Ghế và băng chuyên dụng,ghe_bang_goc,1,sang_trong,Sang trọng,,vua,Vừa,nan,Nan,tu_nhien,Tự nhiên,images/240_ghe_bang_goc_sang_trong_vua_nan_tu_nhien.png,ai_generated,False,False,pending_artisan_review,1254,1254,6db07972b50889d125e851c94e323baf1b24c0a09baa0140951dfeaf77a266b1,41c188eff28491d2f98a33c2bd60c076053a7a4c215a6b04ec72562757920514,"one connected L-shaped bench with woven back and side panels, plain cushions and visible supported corner joinery"
241,Sofa mây hai chỗ,ghe_bang_chuyen_dung,Ghế và băng chuyên dụng,ghe_sofa_hai_cho,1,rustic,Rustic,,lon,Lớn,nan,Nan,tu_nhien,Tự nhiên,images/241_ghe_sofa_hai_cho_rustic_lon_nan_tu_nhien.png,ai_generated,False,False,pending_artisan_review,1254,1254,8299f0174ef1b8d9447c6cb5d1b8a1ca4e13d8c1014938d2e81972bf197f79f2,1e31728442fd49e3d5a5b358e3f5c40b42851f69afa7d5efb6e5d337d775dd9f,"two-seat sofa with a robust cane frame, woven back and arm panels, two plain cream seat cushions and reinforced low feet"
242,Sofa mây ba chỗ,ghe_bang_chuyen_dung,Ghế và băng chuyên dụng,ghe_sofa_ba_cho,1,boho,Boho,,nho,Nhỏ,nan,Nan,son_mai,Sơn mài,images/242_ghe_sofa_ba_cho_boho_nho_nan_son_mai.png,ai_generated,False,False,pending_artisan_review,1254,1254,6c9981954c5da376ff434e0ad3b63be1fd7362afe11fe4575668af28106ae1a3,1a1e89098a7243c1d4f6e6dbaa9468d7c90352b313ba0e477de5e0593a47d847,"three-seat sofa with continuous woven back, square arms, three plain cushions and six supporting bamboo legs"
243,Ghế ban công,ghe_bang_chuyen_dung,Ghế và băng chuyên dụng,ghe_ban_cong,1,zen,Zen,,vua,Vừa,nan,Nan,son_mai,Sơn mài,images/243_ghe_ban_cong_zen_vua_nan_son_mai.png,ai_generated,False,False,pending_artisan_review,1254,1254,b317d0aca96bc54a5b6185ee7b9475717b9aaebf0ae5062b1d7d9c60485e83fb,1ce1dc9c2b0097561c1de558083bd479fdabd564c57cd35e7c2e4e1452532e64,"compact balcony armchair with high curved woven side walls, rounded seat, angled legs and cross braces"
244,Ghế quỳ gối,ghe_bang_chuyen_dung,Ghế và băng chuyên dụng,ghe_quy_goi,1,rustic,Rustic,,vua,Vừa,xuong_ca,Xương cá,tu_nhien,Tự nhiên,images/244_ghe_quy_goi_rustic_vua_xuong_ca_tu_nhien.png,ai_generated,False,False,pending_artisan_review,1254,1254,79cdb1126e661cded30c23fe918d1ac20304e6d9183563e4f93bc14f15c6942b,151a3b68b8acda55e2a394e74260ac0c233afb2d5f2d99887b4b6c71b9a15412,"kneeling desk chair with a braced wooden angled frame, plain upholstered knee pad and seat, clearly woven decorative side panels"
245,Ghế ngồi sàn,ghe_bang_chuyen_dung,Ghế và băng chuyên dụng,ghe_ngoi_san,1,rustic,Rustic,,nho,Nhỏ,mat_cao,Mắt cáo,tu_nhien,Tự nhiên,images/245_ghe_ngoi_san_rustic_nho_mat_cao_tu_nhien.png,ai_generated,False,False,pending_artisan_review,1254,1254,8dcc60217d295dfaf7ac82719d361077806fd1606cd77d000f202725db69cdfd,76b40ea817f556bb178a9fbf43cacb0599483f33bdf06ce01818a18693b45e9c,"low floor chair with no tall legs, a curved woven back attached to a rigid shallow bamboo seat frame and plain thin pad"
246,Ghế đôn có khoang chứa,ghe_bang_chuyen_dung,Ghế và băng chuyên dụng,ghe_don_co_khoang,1,modern,Modern,,lon,Lớn,mat_cao,Mắt cáo,son_mai,Sơn mài,images/246_ghe_don_co_khoang_modern_lon_mat_cao_son_mai.png,ai_generated,False,False,pending_artisan_review,1254,1254,ab45ba24cdbaf7b25058df29cc076ace138c60e2f32e3368a0ab9818f993d483,649b1a849bd0aca2608c158aa5166661af82086c919dcddec65631abdb32c671,cylindrical ottoman with woven side wall and a padded removable lid tilted slightly open to show an empty storage cavity
247,Bàn ăn bốn chỗ,ban_chuyen_dung,Bàn chuyên dụng,ban_an_bon_cho,1,sang_trong,Sang trọng,,vua,Vừa,nong,Nong,son_mai,Sơn mài,images/247_ban_an_bon_cho_sang_trong_vua_nong_son_mai.png,ai_generated,False,False,pending_artisan_review,1254,1254,f7cc5db59c98c1978c06e8f6d44a7ffd0bbdfee82f8e0b218de4f31e919ad238,18261d7c4dbd1262e58ca95556d12d8a025d8d675c3d5d4dc2304acfdb4e0dfa,"rectangular dining table alone with plain wooden top, woven apron, four stout bamboo legs and strong lower stretchers"
248,Bàn ăn sáu chỗ,ban_chuyen_dung,Bàn chuyên dụng,ban_an_sau_cho,1,boho,Boho,,lon,Lớn,nan,Nan,tu_nhien,Tự nhiên,images/248_ban_an_sau_cho_boho_lon_nan_tu_nhien.png,ai_generated,False,False,pending_artisan_review,1254,1254,b67f06dcb063d15498d7f5ff7fb234866b7591fcb1071e2e6ddcaa2968555101,a37ebfe71c2f7918b0cb22166bd4e167dc53cd53d52a654a9a86b1a54c52c8a0,"elongated oval dining table alone with solid wood top, two woven pedestal bases and visible braced support beneath"
249,Bàn cao quầy bar,ban_chuyen_dung,Bàn chuyên dụng,ban_cao_quay_bar,1,modern,Modern,,nho,Nhỏ,nan,Nan,nhuom,Nhuộm,images/249_ban_cao_quay_bar_modern_nho_nan_nhuom.png,ai_generated,False,False,pending_artisan_review,1254,1254,0dabc00ce2d905409c28662107bf3d9c3573d747429e9fb12289e68f809d356b,dfb90bd17adcbeaa27bc041081c33b9d2da66d6020e458a42a30c94de1de0194,tall round cocktail table with plain wood top and a wide stable woven cylindrical pedestal with bamboo reinforcing ribs
250,Bàn sân vườn,ban_chuyen_dung,Bàn chuyên dụng,ban_ngoai_troi,1,sang_trong,Sang trọng,,lon,Lớn,nan,Nan,nhuom,Nhuộm,images/250_ban_ngoai_troi_sang_trong_lon_nan_nhuom.png,ai_generated,False,False,pending_artisan_review,1254,1254,c7f0d0c0edd47ec991a71f64693190a9248a930d6d1f0eb2da05193ca034a7b8,94a2847f560bd19063f19195156e1322df02b01dbd6bb515bb195aa0734c857f,"outdoor concept table alone with a blank stone top, woven sides and sturdy bamboo legs, studio background"
251,Bàn gấp treo tường,ban_chuyen_dung,Bàn chuyên dụng,ban_gap_treo_tuong,1,boho,Boho,,nho,Nhỏ,mat_cao,Mắt cáo,nhuom,Nhuộm,images/251_ban_gap_treo_tuong_boho_nho_mat_cao_nhuom.png,ai_generated,False,False,pending_artisan_review,1254,1254,99aaaa9464dbf1686359bed4c065a0ee0d4b6d78cd3050392ae674e102c4a47f,03b10d9ff1c2a7602c490f2034c57d984b8f5a53fd5eb43920f91cd8396d4b45,wall-mounted fold-down small desk shown open as a standalone product with woven front panel and triangular wooden support hinges
252,Bàn trang điểm,ban_chuyen_dung,Bàn chuyên dụng,ban_trang_diem,1,sang_trong,Sang trọng,,nho,Nhỏ,mat_cao,Mắt cáo,son_mai,Sơn mài,images/252_ban_trang_diem_sang_trong_nho_mat_cao_son_mai.png,ai_generated,False,False,pending_artisan_review,1254,1254,23698a7bdf390291d637dfdd03d52920fa1602ed319720945420827c7370ba67,a1f1b7f56c9f5e701c7e138e44577e6896f9f2cc1ed63d73c13c273c7ed45b90,"vanity table with woven drawer fronts, plain wooden top, one oval mirror fixed above showing only blank background, no cosmetics"
253,Bàn chữ C cạnh sofa,ban_chuyen_dung,Bàn chuyên dụng,ban_goi_dau_sofa,1,modern,Modern,,nho,Nhỏ,xuong_ca,Xương cá,tu_nhien,Tự nhiên,images/253_ban_goi_dau_sofa_modern_nho_xuong_ca_tu_nhien.png,ai_generated,False,False,pending_artisan_review,1254,1254,baa181c361f056ca0e51ae63f2f50dfe45032f2bd07fd6e40c11bef944c0966c,8488407e7f06d3f0653fbba632da58848c168b72c55d05edae0e2a8b4b45699e,"C-shaped side table with thin wooden top and foot joined by a reinforced side column clad in woven cane, alone"
254,Bàn làm việc đứng,ban_chuyen_dung,Bàn chuyên dụng,ban_lam_viec_dung,1,boho,Boho,,nho,Nhỏ,nan,Nan,tu_nhien,Tự nhiên,images/254_ban_lam_viec_dung_boho_nho_nan_tu_nhien.png,ai_generated,False,False,pending_artisan_review,1254,1254,faf13b56f32c75ad20d2880258bae0a902c39bc327e02b4480693bbcb7ac670e,631cbbbbea173114a5f4aca6d08736af467fa9b13f719f5a86412c63d9175e13,"fixed-height standing desk with woven modesty panel, wood tabletop and a braced rectangular bamboo frame, no equipment"
255,Bàn máy tính góc,ban_chuyen_dung,Bàn chuyên dụng,ban_may_tinh_goc,1,royal,Royal,,nho,Nhỏ,nong,Nong,son_mai,Sơn mài,images/255_ban_may_tinh_goc_royal_nho_nong_son_mai.png,ai_generated,False,False,pending_artisan_review,1254,1254,dd35903c9bef2c8adc5bc81c46421e696c21bf3c8c6ea30dc3bb20865abbc2cb,0d975f5cb15a2200a3625d27cb4e55db9c61116054d3838cf12912fc01dcdd02,"L-shaped corner workstation with two connected wood tops, woven modesty panels and visibly supported inner corner, no equipment"
256,Bàn khay di động,ban_chuyen_dung,Bàn chuyên dụng,ban_khay_go,1,royal,Royal,,vua,Vừa,nong,Nong,tu_nhien,Tự nhiên,images/256_ban_khay_go_royal_vua_nong_tu_nhien.png,ai_generated,False,False,pending_artisan_review,1254,1254,1581b0eaa77640e4e22ec068ff0251cbc6533a85863c054d322fff1adf8940de,afd0eb42ef979041da018b8fc4453ad5da63f7e59f4eadd716aebf1ed87720cd,"tray table with a removable woven serving tray seated securely on a folding wooden X-leg stand, no props"
